address,company,jname,jtxt,mount,salary
(齐山公园671仓库),池州市天勤商贸中心,文员,学历不限 / 经验2年以上 / 性别不限 / 年龄不限,招聘1人,薪资面议
,麦言茶语烘焙,店长,学历不限 / 经验不限 / 性别不限 / 年龄不限,招聘2人,3K-7K
,麦言茶语烘焙,面包中工/学徒,学历不限 / 经验不限 / 性别不限 / 年龄不限,招聘2人,1K-4K
(池州市三台路150号（花鸟市场对面）),池州市天勤商贸中心,业务员,学历不限 / 经验不限 / 性别不限 / 年龄不限,招聘2人,3K-8K
(池州市三台路150号（花鸟市场对面）),池州市天勤商贸中心,驾驶员,学历不限 / 经验不限 / 性别不限 / 年龄不限,招聘2人,薪资面议
(池州市贵池区长江南路688号（财富广场）六楼613室),学林教育,前台,中专 / 经验1年以上 / 性别女 / 22～30岁,招聘2人,1K-3K
(池州市贵池区长江南路688号（财富广场）六楼),学林教育,初中语文数学教师,大专 / 经验1年以上 / 性别不限 / 年龄不限,招聘3人,面议
,麦言茶语烘焙,渠道业务精英,学历不限 / 经验不限 / 性别不限 / 年龄不限,招聘5人,1K-10K
,麦言茶语烘焙,营业员,学历不限 / 经验不限 / 性别不限 / 年龄不限,招聘6人,2K-5K
(池州市贵池区长江南路688号（财富广场）六楼),学林教育,少儿英语教师,大专 / 经验不限 / 性别不限 / 年龄不限,招聘若干人,面议
(池州市贵池区长江南路688号（财富广场）六楼),学林教育,初中英语教师,大专 / 经验不限 / 性别不限 / 年龄不限,招聘1人,面议
(池州市贵池区长江南路688号（财富广场）六楼),学林教育,初中物理 教师,大专 / 经验不限 / 性别不限 / 年龄不限,招聘1人,面议
(池州市贵池区长江南路688号（财富广场）六楼),学林教育,高中物理教师,大专 / 经验不限 / 性别不限 / 年龄不限,招聘3人,面议
(池州市贵池区长江南路688号（财富广场）六楼),学林教育,高中数学教师,本科 / 经验3年以上 / 性别不限 / 年龄不限,招聘3人,面议
,池州居安房地产经纪有限公司,房产经纪人,学历不限 / 经验不限 / 性别不限 / 年龄不限,招聘50人,薪资面议
(池州市贵池区白牙中路13号（地区医院对面）),泰康人寿池州分公司银保部,售后服务经理,大专 / 经验不限 / 性别不限 / 25～45岁,招聘若干人,面议
,池州居安房地产经纪有限公司,店长,学历不限 / 经验不限 / 性别不限 / 年龄不限,招聘5人,薪资面议
(秋浦东路98号居安房产),池州居安房地产经纪有限公司,副总兼总管,学历不限 / 经验不限 / 性别不限 / 年龄不限,招聘1人,薪资面议
(翠微西路426号（西门转盘50米）),池州居安房地产经纪有限公司,装修设计师 预算师或合伙人,学历不限 / 经验不限 / 性别不限 / 年龄不限,招聘1人,薪资面议
(池州市贵池区白牙中路13号（地区医院对面）),泰康人寿池州分公司银保部,电话网络营销员,大专 / 经验不限 / 性别不限 / 25～45岁,招聘6人,面议
(池州市贵池区白牙中路13号（地区医院对面）),泰康人寿池州分公司银保部,讲师,大专 / 经验不限 / 性别不限 / 25～45岁,招聘5人,面议
(池州市贵池区白牙中路13号（地区医院对面）),泰康人寿池州分公司银保部,储备干部,大专 / 经验不限 / 性别不限 / 25～45岁,招聘若干人,面议
(新西街二楼),鱼你在一起,服务员,学历不限 / 经验不限 / 性别不限 / 年龄不限,招聘1人,2K-3K
(池州市站前区徽商城1栋111门面),益同商贸,店员,学历不限 / 经验不限 / 性别不限 / 年龄不限,招聘4人,2K-3K
(恒泰家和园12号楼),池州市顺丰房地产经纪有限公司,房产经纪人,学历不限 / 经验不限 / 性别不限 / 年龄不限,招聘8人,2K-15K
(桃园小区门口顺丰房产),池州市顺丰房地产经纪有限公司,店长加置业顾问,学历不限 / 经验不限 / 性别不限 / 年龄不限,招聘10人,2K-12K
(桃园小区门口 顺丰房产),池州市顺丰房地产经纪有限公司,房产经纪人,学历不限 / 经验不限 / 性别不限 / 年龄不限,招聘20人,4K-12K
(桃园小区门口 顺丰房产),池州市顺丰房地产经纪有限公司,店长+房产经纪人,学历不限 / 经验不限 / 性别不限 / 年龄不限,招聘50人,5K-15K
(池州市站前区徽商城1栋),益同商贸,仓库管理员,学历不限 / 经验不限 / 性别不限 / 年龄不限,招聘2人,2K-3K
(池州市贵池区白牙中路13号（地区医院对面）),泰康人寿池州分公司银保部,客服,大专 / 经验2年以上 / 性别不限 / 25～45岁,招聘8人,面议
(桃园小区门口 顺丰房产),池州市顺丰房地产经纪有限公司,全能经纪人,学历不限 / 经验不限 / 性别不限 / 年龄不限,招聘50人,3K-9K
,池州丽美整形,美学设计师,学历不限 / 经验不限 / 性别不限 / 年龄不限,招聘3人,面议
(池州市站前区徽商城1栋),益同商贸,业务员,初中 / 经验不限 / 性别不限 / 年龄不限,招聘5人,3K-4K
(恒泰家和园12号楼),池州市顺丰房地产经纪有限公司,置业顾问,学历不限 / 经验不限 / 性别不限 / 25～45岁,招聘20人,薪资面议
,池州丽美整形,护士,学历不限 / 经验不限 / 性别不限 / 年龄不限,招聘5人,面议
,池州丽美整形,执业医师,学历不限 / 经验不限 / 性别不限 / 年龄不限,招聘3人,面议
,池州丽美整形,市场经理,学历不限 / 经验不限 / 性别不限 / 年龄不限,招聘5人,面议
(池州西湖家园),深圳市天健物业管理有限公司池州分公司,出纳,大专 / 经验2年以上 / 性别不限 / 20～45岁,招聘若干人,3K-3K
(池州西湖家园),深圳市天健物业管理有限公司池州分公司,安管主管,高中 / 经验不限 / 性别男 / 25～45岁,招聘1人,3K-4K
(和谐路，顺丰房产（南湖小学对面）),池州市顺丰房地产经纪有限公司,房产经纪人,学历不限 / 经验不限 / 性别不限 / 18～50岁,招聘10人,5K-20K
(池州西湖家园),深圳市天健物业管理有限公司池州分公司,安管员白班,学历不限 / 经验不限 / 性别女 / 18～45岁,招聘5人,3K-3K
(池州市站前区世纪广场10号楼116室),池州正建工程管理服务有限公司,专监,学历不限 / 经验不限 / 性别不限 / 年龄不限,招聘5人,薪资面议
(池州市贵池区殷汇大道与白浦路),安徽鸿叶集团有限公司,财务会计,大专 / 经验3年以上 / 性别不限 / 20～50岁,招聘1人,面议
(池州市贵池区殷汇大道与白浦路),安徽鸿叶集团有限公司,生产车间主任,初中 / 经验不限 / 性别女 / 20～45岁,招聘2人,薪资面议
(池州市三台路150号（花鸟市场对面）),池州市天勤商贸中心,业务员,学历不限 / 经验不限 / 性别不限 / 年龄不限,招聘2人,3K-8K
,麦言茶语烘焙,渠道业务精英,学历不限 / 经验不限 / 性别不限 / 年龄不限,招聘5人,1K-10K
(齐山公园671仓库),池州市天勤商贸中心,文员,学历不限 / 经验2年以上 / 性别不限 / 年龄不限,招聘1人,薪资面议
,麦言茶语烘焙,面包中工/学徒,学历不限 / 经验不限 / 性别不限 / 年龄不限,招聘2人,1K-4K
(恒泰家和园12号楼507-509室),池州市顺丰房地产经纪有限公司,房产置业顾问,学历不限 / 经验不限 / 性别不限 / 年龄不限,招聘50人,5K-150K
,麦言茶语烘焙,营业员,学历不限 / 经验不限 / 性别不限 / 年龄不限,招聘6人,2K-5K
(池州市贵池区长江南路688号（财富广场）六楼),学林教育,初中语文数学教师,大专 / 经验1年以上 / 性别不限 / 年龄不限,招聘3人,面议
(池州市贵池区长江南路688号（财富广场）六楼),学林教育,初中物理 教师,大专 / 经验不限 / 性别不限 / 年龄不限,招聘1人,面议
(池州市贵池区长江南路688号（财富广场）六楼),学林教育,高中数学教师,本科 / 经验3年以上 / 性别不限 / 年龄不限,招聘3人,面议
(池州市贵池区长江南路688号（财富广场）六楼),学林教育,少儿英语教师,大专 / 经验不限 / 性别不限 / 年龄不限,招聘若干人,面议
(恒泰家和园12号楼),池州市顺丰房地产经纪有限公司,房产经纪人,学历不限 / 经验不限 / 性别不限 / 25～48岁,招聘10人,2K-15K
(池州西湖家园),深圳市天健物业管理有限公司池州分公司,客服,高中 / 经验不限 / 性别女 / 18～35岁,招聘若干人,2K-3K
(池州经济技术开发区凤金光大道88号，安芯电子科技有限公司（20路公交至富安产业园站下）),安徽芯旭半导体有限公司,工艺工程师,学历不限 / 经验不限 / 性别不限 / 年龄不限,招聘3人,面议
(池州市经济技术开发区凤金光大道88号，安芯电子科技有限公司（20路公交至富安产业园站下）),安徽芯旭半导体有限公司,企业文员,大专 / 经验1年以上 / 性别女 / 25～35岁,招聘1人,薪资面议
(池州市金光大道88号（20路公交富安工业园站下）),安徽芯旭半导体有限公司,出纳,大专 / 经验1年以上 / 性别不限 / 20～40岁,招聘2人,薪资面议
(池州市三台路150号（花鸟市场对面）),池州市天勤商贸中心,驾驶员,学历不限 / 经验不限 / 性别不限 / 年龄不限,招聘2人,薪资面议
(池州经济技术开发区金光大道88号（可坐20路公交富安工业园站下）),安徽芯旭半导体有限公司,品质检验员,高中 / 经验不限 / 性别不限 / 18～40岁,招聘1人,3K-4K
(池州经济技术开发区金光大道88号（可坐20路公交富安工业园站下）),安徽芯旭半导体有限公司,一线操作工,初中 / 经验不限 / 性别不限 / 18～45岁,招聘60人,3K-6K
(池州市站前区世纪广场10号楼116室),池州正建工程管理服务有限公司,办公室文秘,学历不限 / 经验不限 / 性别不限 / 年龄不限,招聘1人,薪资面议
(池州市贵池区梅里工业园),池州市三友家具批发市场,家庭教师,学历不限 / 经验不限 / 性别不限 / 年龄不限,招聘2人,薪资面议
(池州市贵池区梅里工业园),池州市三友家具批发市场,男 女 临时工,学历不限 / 经验不限 / 性别不限 / 年龄不限,招聘若干人,薪资面议
(池州市金光大道88号（20路公交富安工业园站下）),安徽芯旭半导体有限公司,品质工程,大专 / 经验1年以上 / 性别男 / 22～35岁,招聘1人,面议
(池州市贵池区梅里工业园),池州市三友家具批发市场,三轮电瓶车送货员,学历不限 / 经验不限 / 性别不限 / 年龄不限,招聘4人,3K-5K
(池州市贵池区梅里工业园),池州市三友家具批发市场,文员 兼 销售助理,学历不限 / 经验不限 / 性别不限 / 年龄不限,招聘2人,2K-3K
(池州市经济技术开发区凤金光大道88号，安芯电子科技有限公司（20路公交至富安产业园站下）),安徽芯旭半导体有限公司,采购助理,中专 / 经验1年以上 / 性别女 / 20～32岁,招聘1人,薪资面议
(池州市经济技术开发区临港园区，集装箱码头对面),池州市天工预拌商品砂浆有限公司,搅拌楼操作员,学历不限 / 经验不限 / 性别不限 / 22～45岁,招聘1人,薪资面议
(池州市贵池区梅里工业园),池州市三友家具批发市场,货车驾驶员,初中 / 经验1年以上 / 性别不限 / 年龄不限,招聘6人,3K-5K
(池州市贵池区殷汇大道与白浦路),安徽鸿叶集团有限公司,业务外贸员,大专 / 经验应届毕业生 / 性别不限 / 20～40岁,招聘1人,薪资面议
,麦言茶语烘焙,店长,学历不限 / 经验不限 / 性别不限 / 年龄不限,招聘2人,3K-7K
(池州市贵池区殷汇大道与白浦路),安徽鸿叶集团有限公司,仓库管理员,初中 / 经验不限 / 性别不限 / 20～50岁,招聘1人,2K-3K
(池州市贵池区梅里工业园),池州市三友家具批发市场,物流经理+货车驾驶员,学历不限 / 经验不限 / 性别不限 / 年龄不限,招聘2人,8K-10K
,池州市捷途汽车销售服务有限公司,客户体验师,学历不限 / 经验不限 / 性别不限 / 年龄不限,招聘10人,4K-5K
(安徽池州市中央广场2号楼2007室),安徽成文财务管理咨询有限公司,审计助理,学历不限 / 经验不限 / 性别不限 / 年龄不限,招聘2人,2K-3K
(梅里工业园（老厂）池州开发区（新厂）),池州德特机电设备有限公司,生产部文员,大专 / 经验1年以上 / 性别女 / 23～35岁,招聘1人,2K-3K
(安徽池州市中央广场2号楼2007室),安徽成文财务管理咨询有限公司,制证会计,大专 / 经验1年以上 / 性别不限 / 年龄不限,招聘2人,3K-5K
,安徽成文财务管理咨询有限公司,外勤会计,大专 / 经验不限 / 性别不限 / 年龄不限,招聘10人,面议
(池州市贵池区殷汇大道与白浦路),安徽鸿叶集团有限公司,机修工,学历不限 / 经验不限 / 性别不限 / 年龄不限,招聘1人,薪资面议
(池州市站前区世纪广场10号楼116室),池州正建工程管理服务有限公司,总监,大专 / 经验2年以上 / 性别不限 / 30～55岁,招聘5人,薪资面议
(安徽省池州市百汇广场A楼111-113号门面),池州市林乐建材销售有限公司,渠道部经理,中专 / 经验不限 / 性别不限 / 20～45岁,招聘2人,薪资面议
,安徽省伟成润鑫投资咨询有限公司,信贷部长,学历不限 / 经验不限 / 性别不限 / 年龄不限,招聘3人,薪资面议
(池州市贵池区梅里工业园),池州市三友家具批发市场,家电、家具、商场导购员,学历不限 / 经验不限 / 性别不限 / 年龄不限,招聘4人,3K-4K
(池州市贵池区殷汇大道与白浦路),安徽鸿叶集团有限公司,文员,学历不限 / 经验不限 / 性别不限 / 年龄不限,招聘2人,2K-5K
(池州市贵池区长江南路688号（财富广场）六楼),学林教育,高中物理教师,大专 / 经验不限 / 性别不限 / 年龄不限,招聘3人,面议
,池州居安房地产经纪有限公司,店长,学历不限 / 经验不限 / 性别不限 / 年龄不限,招聘5人,薪资面议
,池州居安房地产经纪有限公司,房产经纪人,学历不限 / 经验不限 / 性别不限 / 年龄不限,招聘50人,薪资面议
(秋浦东路98号居安房产),池州居安房地产经纪有限公司,副总兼总管,学历不限 / 经验不限 / 性别不限 / 年龄不限,招聘1人,薪资面议
(梅里工业园（老厂）池州开发区（新厂）),池州德特机电设备有限公司,出纳,大专 / 经验3年以上 / 性别女 / 26～40岁,招聘2人,2K-3K
(翠微西路426号（西门转盘50米）),池州居安房地产经纪有限公司,装修设计师 预算师或合伙人,学历不限 / 经验不限 / 性别不限 / 年龄不限,招聘1人,薪资面议
(池州市贵池区白牙中路13号（地区医院对面）),泰康人寿池州分公司银保部,电话网络营销员,大专 / 经验不限 / 性别不限 / 25～45岁,招聘6人,面议
(池州市秋浦西路51号),池州华为授权体验店,销售精英,学历不限 / 经验不限 / 性别不限 / 年龄不限,招聘10人,3K-6K
(池州市贵池区长江南路688号（财富广场）六楼),学林教育,初中英语教师,大专 / 经验不限 / 性别不限 / 年龄不限,招聘1人,面议
(池州市秋浦西路51号),池州华为授权体验店,青阳县电信营业厅店长,学历不限 / 经验不限 / 性别不限 / 年龄不限,招聘2人,3K-8K
(池州市秋浦西路51号),池州华为授权体验店,青阳县电信营业厅手机销售经理,学历不限 / 经验不限 / 性别不限 / 年龄不限,招聘10人,3K-5K
(安徽省池州市百汇广场A楼111-113号门面),池州市林乐建材销售有限公司,装潢设计师5K-10K,大专 / 经验不限 / 性别不限 / 20～45岁,招聘4人,薪资面议
(安徽省池州市百汇广场A楼111-113号门面),池州市林乐建材销售有限公司,储备店长,高中 / 经验2年以上 / 性别不限 / 20～45岁,招聘4人,薪资面议
(安徽省池州市清溪大道198号),安徽精实电子科技有限公司,生产文员,中专 / 经验3年以上 / 性别不限 / 25～45岁,招聘2人,3K-4K
(米兰阳光大厦1401),领创网络,销售代表,学历不限 / 经验不限 / 性别不限 / 年龄不限,招聘12人,5K-8K
(池州市贵池区白牙中路13号（地区医院对面）),泰康人寿池州分公司银保部,讲师,大专 / 经验不限 / 性别不限 / 25～45岁,招聘5人,面议
(池州市贵池区工业园玉镜路),安徽艾可蓝节能环保科技有限公司,行政专员,学历不限 / 经验不限 / 性别不限 / 年龄不限,招聘1人,薪资面议
(安徽省池州市清溪大道198号),安徽精实电子科技有限公司,废水处理技术员,中专 / 经验3年以上 / 性别不限 / 25～45岁,招聘2人,薪资面议
(池州市站前区世纪广场10号楼116室),池州正建工程管理服务有限公司,总代,大专 / 经验2年以上 / 性别男 / 25～55岁,招聘5人,薪资面议
(安徽省池州市贵池区清溪大道198号),安徽精实电子科技有限公司,质检员,初中 / 经验3年以上 / 性别不限 / 25～45岁,招聘10人,3K-4K
(安徽省池州市清溪大道198号),安徽精实电子科技有限公司,SQE,中专 / 经验3年以上 / 性别不限 / 25～45岁,招聘1人,3K-4K
(安徽省池州市清溪大道198号),安徽精实电子科技有限公司,化验员,中专 / 经验3年以上 / 性别不限 / 25～45岁,招聘3人,3K-4K
(池州市贵池区清溪大道198号),安徽精实电子科技有限公司,采购员,中专 / 经验3年以上 / 性别不限 / 25～45岁,招聘1人,3K-4K
(安徽池州市中央广场2号楼2007室),安徽成文财务管理咨询有限公司,行政服务大厅接单员,大专 / 经验1年以上 / 性别不限 / 22～40岁,招聘1人,面议
(安徽省池州市清溪大道198号),安徽精实电子科技有限公司,物控,中专 / 经验3年以上 / 性别不限 / 25～45岁,招聘1人,3K-4K
(池州市贵池区清溪大道198号),安徽精实电子科技有限公司,电镀技术员,中专 / 经验3年以上 / 性别男 / 25～45岁,招聘5人,薪资面议
(安徽省池州市清溪大道198号),安徽精实电子科技有限公司,阳极技术员,中专 / 经验3年以上 / 性别不限 / 25～45岁,招聘2人,薪资面议
,安徽省伟成润鑫投资咨询有限公司,信贷经理,学历不限 / 经验不限 / 性别不限 / 年龄不限,招聘20人,面议
(池州市贵池区长江南路688号（财富广场）六楼613室),学林教育,前台,中专 / 经验1年以上 / 性别女 / 22～30岁,招聘2人,1K-3K
,美之然养生会所,美容师,学历不限 / 经验不限 / 性别不限 / 年龄不限,招聘2人,薪资面议
,美之然养生会所,美容学徒,学历不限 / 经验不限 / 性别不限 / 年龄不限,招聘2人,薪资面议
(池州市站前区万盛广场),池州市华奥汽车销售服务有限公司,销售顾问助理,学历不限 / 经验不限 / 性别不限 / 年龄不限,招聘若干人,面议
(池州市站前区4S店集聚区),池州市华奥汽车销售服务有限公司,服务顾问,学历不限 / 经验不限 / 性别不限 / 年龄不限,招聘1人,面议
(安徽省池州市清溪大道198号),安徽精实电子科技有限公司,行政文员,中专 / 经验2年以上 / 性别女 / 25～35岁,招聘1人,2K-3K
(池州市站前区万盛广场),池州市华奥汽车销售服务有限公司,服务主管,学历不限 / 经验不限 / 性别不限 / 年龄不限,招聘1人,面议
(池州市站前区4S店集聚区),池州市华奥汽车销售服务有限公司,服务经理,本科 / 经验5年以上 / 性别男 / 年龄不限,招聘1人,面议
(池州市贵池区清溪大道198号),安徽精实电子科技有限公司,厂务设备工程师,大专 / 经验5年以上 / 性别男 / 25～45岁,招聘1人,薪资面议
,池州妍宝电子商务有限公司,销售代表,学历不限 / 经验不限 / 性别不限 / 18～24岁,招聘50人,2K-60K
,池州妍宝电子商务有限公司,高薪招销售精英,大专 / 经验2年以上 / 性别不限 / 18～25岁,招聘20人,3K-60K
(池州市站前区4S店集聚区),池州市华奥汽车销售服务有限公司,高级维修技师,学历不限 / 经验不限 / 性别不限 / 年龄不限,招聘2人,面议
,池州妍宝电子商务有限公司,高薪网络销售代表,学历不限 / 经验不限 / 性别不限 / 18～24岁,招聘20人,2K-60K
(米兰阳光大厦1401),领创网络,电话销售,学历不限 / 经验不限 / 性别不限 / 年龄不限,招聘12人,3K-5K
(安徽省池州市东湖北路229号，6路公交车底站),安徽迈思特轴承有限公司,勤杂工,学历不限 / 经验不限 / 性别不限 / 30～60岁,招聘1人,1K-2K
(池州市站前区万盛广场),池州市华奥汽车销售服务有限公司,展厅主管,大专 / 经验不限 / 性别不限 / 年龄不限,招聘1人,面议
(安徽省池州市东湖北路229号，6路公交车底站),安徽迈思特轴承有限公司,工程师,大专 / 经验2年以上 / 性别不限 / 年龄不限,招聘1人,面议
(安徽省池州市东湖北路229号，6路公交车底站),安徽迈思特轴承有限公司,外贸业务员,本科 / 经验2年以上 / 性别女 / 年龄不限,招聘2人,薪资面议
(安徽省池州市东湖北路229号，6路公交车底站),安徽迈思特轴承有限公司,机修工,学历不限 / 经验不限 / 性别不限 / 年龄不限,招聘2人,3K-4K
(安徽省池州市东湖北路229号，6路公交车底站),安徽迈思特轴承有限公司,操作工,学历不限 / 经验2年以上 / 性别不限 / 22岁以上,招聘10人,薪资面议
,领创网络,游戏推广,学历不限 / 经验不限 / 性别不限 / 18～30岁,招聘12人,3K-8K
(安徽省池州市东湖北路229号，6路公交车底站),安徽迈思特轴承有限公司,电子商务专员,大专 / 经验2年以上 / 性别女 / 20～40岁,招聘2人,薪资面议
(米兰阳光大厦1401),领创网络,网络销售,学历不限 / 经验不限 / 性别不限 / 18～30岁,招聘12人,5K-8K
(池州商之都2#楼1103室),安徽金泉池州工程造价咨询有限公司,造价师、造价员,学历不限 / 经验不限 / 性别不限 / 年龄不限,招聘若干人,面议
(站前区永明路95号池州上海城6楼),安徽齐山房地产开发有限责任公司,商业运营经理,大专 / 经验5年以上 / 性别不限 / 24～45岁,招聘1人,面议
(安徽省池州市贵池区清溪大道198号),安徽精实电子科技有限公司,冲压修模技术员,大专 / 经验3年以上 / 性别男 / 25～45岁,招聘1人,薪资面议
(站前区永明路95号池州上海城6楼),安徽齐山房地产开发有限责任公司,水电工程师,本科 / 经验3年以上 / 性别男 / 年龄不限,招聘1人,薪资面议
(安徽省池州市百汇广场A楼111-113号门面),池州市林乐建材销售有限公司,店面销售（店内导购）,高中 / 经验不限 / 性别不限 / 20～45岁,招聘10人,面议
,池州妍宝电子商务有限公司,网络销售,学历不限 / 经验不限 / 性别不限 / 18～25岁,招聘200人,2K-60K
,池州市勇迅信息咨询有限公司,电话客服、销售,学历不限 / 经验不限 / 性别不限 / 年龄不限,招聘5人,5K-8K
,远博科技软件咨询服务中心,软件实施工程师,学历不限 / 经验不限 / 性别男 / 18～40岁,招聘3人,2K-6K
(站前区永明路95号池州上海城6楼),安徽齐山房地产开发有限责任公司,保安,学历不限 / 经验不限 / 性别不限 / 45～55岁,招聘若干人,薪资面议
,远博科技软件咨询服务中心,销售代表,大专 / 经验不限 / 性别不限 / 18～35岁,招聘5人,2K-8K
,远博科技软件咨询服务中心,销售顾问,大专 / 经验2年以上 / 性别不限 / 20～40岁,招聘3人,3K-8K
,江淮汽车销售服务有限公司,汽车销售顾问,学历不限 / 经验不限 / 性别不限 / 年龄不限,招聘20人,3K-10K
(安徽省池州市东湖北路229号，6路公交车底站),安徽迈思特轴承有限公司,普工,学历不限 / 经验不限 / 性别不限 / 年龄不限,招聘5人,2K-3K
,安徽铭辉建筑工程有限公司,出纳,大专 / 经验2年以上 / 性别不限 / 年龄不限,招聘1人,3K-5K
,安徽铭辉建筑工程有限公司,造价师,大专 / 经验3年以上 / 性别不限 / 年龄不限,招聘2人,4K-5K
,安徽铭辉建筑工程有限公司,二级建造师（房建、市政、机电）,学历不限 / 经验不限 / 性别不限 / 年龄不限,招聘9人,薪资面议
(安徽产业集中区盛尊工业园3号厂房),安徽海纳德气体设备有限公司,技术人员,学历不限 / 经验不限 / 性别不限 / 年龄不限,招聘9人,5K-10K
,哈弗汽车销售服务有限公司,钣金学徒,学历不限 / 经验不限 / 性别不限 / 年龄不限,招聘10人,薪资面议
,哈弗汽车销售服务有限公司,销售顾问,学历不限 / 经验不限 / 性别不限 / 年龄不限,招聘20人,薪资面议
,哈弗汽车销售服务有限公司,机修学徒,学历不限 / 经验不限 / 性别不限 / 年龄不限,招聘5人,薪资面议
(安徽省池州市东湖北路229号，6路公交车底站),安徽迈思特轴承有限公司,机电维修工,学历不限 / 经验3年以上 / 性别不限 / 年龄不限,招聘2人,薪资面议
,江淮汽车销售服务有限公司,客服,学历不限 / 经验不限 / 性别不限 / 年龄不限,招聘8人,薪资面议
(新西街三楼),捉鸭记特色餐厅,兼职工,学历不限 / 经验不限 / 性别不限 / 年龄不限,招聘10人,薪资面议
,小萌星主持培训中心,口才老师,学历不限 / 经验不限 / 性别不限 / 年龄不限,招聘2人,薪资面议
(新西街三楼),捉鸭记特色餐厅,凉菜员,学历不限 / 经验不限 / 性别不限 / 年龄不限,招聘2人,2K-3K
(新西街三楼),捉鸭记特色餐厅,水吧员,学历不限 / 经验不限 / 性别不限 / 年龄不限,招聘2人,2K-3K
(池州市贵池区长江南路西南馨园小区25-2栋403室),安徽省建生工程咨询有限公司,造价人员,大专 / 经验3年以上 / 性别不限 / 年龄不限,招聘6人,薪资面议
(新西街三楼),捉鸭记特色餐厅,临时工,学历不限 / 经验不限 / 性别不限 / 年龄不限,招聘5人,薪资面议
(新西街三楼),捉鸭记特色餐厅,店长,学历不限 / 经验不限 / 性别不限 / 年龄不限,招聘1人,5K-10K
(新西街三楼),捉鸭记特色餐厅,后厨打杂,学历不限 / 经验不限 / 性别不限 / 年龄不限,招聘2人,2K-2K
(新西街三楼),捉鸭记特色餐厅,厨师学徒,学历不限 / 经验不限 / 性别不限 / 年龄不限,招聘5人,3K-4K
(新西街三楼),捉鸭记特色餐厅,厨师,学历不限 / 经验不限 / 性别不限 / 年龄不限,招聘1人,4K-5K
(安徽省池州市贵池区清溪大道198号),安徽精实电子科技有限公司,品管,中专 / 经验3年以上 / 性别不限 / 28～40岁,招聘5人,面议
(安徽省池州市清溪大道198号),安徽精实电子科技有限公司,包装技术员,中专 / 经验3年以上 / 性别不限 / 25～45岁,招聘2人,薪资面议
(安徽产业集中区盛尊工业园3号厂房),安徽海纳德气体设备有限公司,电焊工,学历不限 / 经验不限 / 性别不限 / 年龄不限,招聘5人,5K-8K
(新西街三楼),捉鸭记特色餐厅,切片工,学历不限 / 经验不限 / 性别不限 / 年龄不限,招聘2人,2K-3K
(梅里工业园（老厂）池州开发区（新厂）),池州德特机电设备有限公司,技术员,大专 / 经验1年以上 / 性别不限 / 24岁以上,招聘若干人,3K-5K
(梅里工业园（老厂）池州开发区（新厂）),池州德特机电设备有限公司,销售经理,大专 / 经验1年以上 / 性别不限 / 年龄不限,招聘若干人,3K-5K
(安徽省池州市清溪大道198号),安徽精实电子科技有限公司,仓库管理员,中专 / 经验3年以上 / 性别男 / 25～45岁,招聘2人,3K-4K
(杏花村街道长江北路328号),飞安童电子商务有些公司,缝纫车工,学历不限 / 经验不限 / 性别不限 / 年龄不限,招聘10人,5K-6K
(同晖广场拉菲公馆2408室),池州山立分子筛有限公司,技术员,高中 / 经验不限 / 性别不限 / 29～40岁,招聘1人,面议
,安徽省萝卜呗呗童装,客服,学历不限 / 经验不限 / 性别不限 / 年龄不限,招聘5人,3K-5K
(池州市站前区白沙小区),池州宏腾汽车销售有限公司,销售代表,学历不限 / 经验不限 / 性别不限 / 年龄不限,招聘3人,2K-10K
(池州市站前区白沙小区),池州宏腾汽车销售有限公司,会计,学历不限 / 经验不限 / 性别不限 / 22～45岁,招聘1人,2K-4K
(安徽省池州市青阳县经济开发区),安徽柯力电气制造有限公司,财务经理,大专 / 经验3年以上 / 性别不限 / 年龄不限,招聘1人,薪资面议
,池州市华奥汽车销售服务有限公司,销售顾问,学历不限 / 经验不限 / 性别不限 / 年龄不限,招聘4人,面议
(池州市贵池区前江工业园纬一路（牛头山镇）),池州汇德再生资源综合利用有限公司,操作工,初中 / 经验3年以上 / 性别男 / 20～50岁,招聘若干人,面议
(同晖广场拉菲公馆2408室),池州山立分子筛有限公司,普通操作工,学历不限 / 经验不限 / 性别不限 / 年龄不限,招聘6人,3K-5K
(池州市贵池区前江工业园纬一路（牛头山镇）),池州汇德再生资源综合利用有限公司,主办会计,大专 / 经验5年以上 / 性别男 / 35～50岁,招聘1人,4K-5K
(梅里工业园（老厂）池州开发区（新厂）),池州德特机电设备有限公司,行政专员,高中 / 经验3年以上 / 性别女 / 25～35岁,招聘1人,2K-3K
(池州市甲地国际商贸城风情街1号楼4楼),尚好大药房连锁有限公司,门店营业员,高中 / 经验不限 / 性别不限 / 年龄不限,招聘5人,2K-3K
(池州市甲地国际商贸城风情街1号楼4楼),尚好大药房连锁有限公司,营业员(中药学专业),高中 / 经验2年以上 / 性别女 / 25～45岁,招聘6人,面议
,安徽省萝卜呗呗童装,高薪诚聘美工,学历不限 / 经验不限 / 性别不限 / 年龄不限,招聘2人,4K-6K
,安徽省萝卜呗呗童装,缝纫机机修,学历不限 / 经验不限 / 性别不限 / 年龄不限,招聘2人,3K-4K
,安徽省萝卜呗呗童装,运营,学历不限 / 经验不限 / 性别不限 / 年龄不限,招聘5人,薪资面议
(池州市贵池区前江工业园纬一路（牛头山镇）),池州汇德再生资源综合利用有限公司,设备电器管理员,中专 / 经验5年以上 / 性别不限 / 30～50岁,招聘2人,面议
(池州市贵池区前江工业园纬一路（牛头山镇）),池州汇德再生资源综合利用有限公司,化工设备技术员,大专 / 经验不限 / 性别不限 / 年龄不限,招聘若干人,面议
,安徽省萝卜呗呗童装,样衣工,学历不限 / 经验不限 / 性别不限 / 年龄不限,招聘2人,2K-4K
(豪丰国际家具城2期),池州联丰地板专卖店,前台接待,学历不限 / 经验不限 / 性别不限 / 年龄不限,招聘3人,2K-8K
(池州市贵池区前江工业园纬一路（牛头山镇）),池州汇德再生资源综合利用有限公司,化工工艺工程师,大专 / 经验3年以上 / 性别不限 / 30～50岁,招聘3人,面议
(新西街三楼),捉鸭记特色餐厅,收银员,学历不限 / 经验不限 / 性别不限 / 年龄不限,招聘4人,2K-3K
(翠柏路莫泰酒店三楼，龙美美容中药),龙美美容中心,美容师,学历不限 / 经验不限 / 性别不限 / 50岁以下,招聘50人,2K-20K
(翠柏路莫泰酒店三楼),龙美美容中心,护发师,学历不限 / 经验不限 / 性别不限 / 年龄不限,招聘4人,2K-3K
(池州市贵池区和泰星城三期6区802（汉高精品酒店隔壁）),安徽天平税务师事务所,审计经理,学历不限 / 经验不限 / 性别不限 / 年龄不限,招聘2人,薪资面议
(贵池区东湖路与清风路交叉口和泰星城3期6区802),安徽天平税务师事务所,审计主管/助理,大专 / 经验3年以上 / 性别不限 / 35岁以下,招聘2人,薪资面议
(池州市贵池区清风西路与东湖路交叉口和泰星城6区802),安徽天平税务师事务所,房地产评估主管,大专 / 经验2年以上 / 性别不限 / 年龄不限,招聘2人,面议
(杏花村街道长江北路328号),飞安童电子商务有些公司,缝纫组长,学历不限 / 经验不限 / 性别不限 / 年龄不限,招聘10人,4K-6K
,池州市吉祥汽车销售服务有限公司,钣金中工,学历不限 / 经验不限 / 性别不限 / 年龄不限,招聘2人,薪资面议
,池州市吉祥汽车销售服务有限公司,钣金大工,学历不限 / 经验不限 / 性别不限 / 年龄不限,招聘3人,薪资面议
,池州市吉祥汽车销售服务有限公司,汽车销售顾问,学历不限 / 经验不限 / 性别不限 / 年龄不限,招聘5人,薪资面议
(翠柏路莫泰酒店三楼),龙美美容中心,美体师,学历不限 / 经验不限 / 性别不限 / 年龄不限,招聘6人,4K-6K
(高新技术开发区栖云路),安徽艾可蓝节能环保科技有限公司,机械工程师,学历不限 / 经验1年以上 / 性别不限 / 年龄不限,招聘2人,薪资面议
(池州市九华山风景区九华街),九华股份缆车公司,电气、机械人员,本科 / 经验不限 / 性别男 / 28岁以下,招聘3人,面议
(安徽省池州市平天湖风景区五溪路中国生态林产业园),安徽我爱我树网络科技有限公司,市场运营主管,学历不限 / 经验不限 / 性别不限 / 年龄不限,招聘2人,薪资面议
(杏花村街道长江北路328号),飞安童电子商务有些公司,美工,学历不限 / 经验不限 / 性别不限 / 年龄不限,招聘2人,薪资面议
(池州市青莲路4S店集聚区),池州市吉祥汽车销售服务有限公司,渠道经理（江铃）,学历不限 / 经验不限 / 性别不限 / 年龄不限,招聘2人,薪资面议
(池州市青莲路4S店集聚区),池州市吉祥汽车销售服务有限公司,大客户经理（江铃）,学历不限 / 经验不限 / 性别不限 / 年龄不限,招聘2人,薪资面议
(兴惠广场4号楼128号),御秀软装墙布窗帘,市场经理,学历不限 / 经验不限 / 性别不限 / 年龄不限,招聘5人,2K-8K
(池州市甲地国际商贸城风情街1号楼4楼),尚好大药房连锁有限公司,医师,学历不限 / 经验不限 / 性别不限 / 年龄不限,招聘若干人,3K-4K
(池州市甲地国际商贸城风情街1号楼4楼),尚好大药房连锁有限公司,店长,高中 / 经验5年以上 / 性别女 / 27岁以上,招聘若干人,3K-4K
(同晖广场拉菲公馆2408室),池州山立分子筛有限公司,工厂管理,大专 / 经验3年以上 / 性别不限 / 年龄不限,招聘3人,薪资面议
,安徽我爱我树网络科技有限公司,推广业务员,学历不限 / 经验不限 / 性别不限 / 年龄不限,招聘40人,2K-8K
(兴惠广场4号楼128号),御秀软装墙布窗帘,店内导购（店面销售）,学历不限 / 经验不限 / 性别不限 / 年龄不限,招聘5人,2K-5K
(池州市站前区甲地国际商贸城风情街1号楼四楼),尚好大药房连锁有限公司,护士,学历不限 / 经验不限 / 性别不限 / 年龄不限,招聘若干人,2K-3K
,安徽省萝卜呗呗童装,淘宝、天猫美工,学历不限 / 经验2年以上 / 性别不限 / 年龄不限,招聘1人,6K-8K
,安徽省萝卜呗呗童装,运营总监,学历不限 / 经验不限 / 性别不限 / 年龄不限,招聘2人,4K-8K
(池州市甲地国际商贸城风情街1号楼4楼),尚好大药房连锁有限公司,执业药师,大专 / 经验3年以上 / 性别不限 / 年龄不限,招聘若干人,4K-6K
(池州市甲地国际商贸城风情街1号楼4楼),尚好大药房连锁有限公司,市场销售推广,中专 / 经验4年以上 / 性别不限 / 28～45岁,招聘若干人,4K-5K
,安徽省萝卜呗呗童装,服装公司大烫,学历不限 / 经验不限 / 性别不限 / 年龄不限,招聘2人,6K-7K
,安徽省萝卜呗呗童装,销售人员,学历不限 / 经验不限 / 性别不限 / 年龄不限,招聘10人,3K-7K
,安徽省萝卜呗呗童装,机修,学历不限 / 经验不限 / 性别不限 / 年龄不限,招聘3人,3K-4K
(池州市贵池区前江工业园纬一路（牛头山镇）),池州汇德再生资源综合利用有限公司,设备维修工,初中 / 经验3年以上 / 性别不限 / 35～50岁,招聘若干人,面议
(新西街三楼),捉鸭记特色餐厅,主管,学历不限 / 经验不限 / 性别不限 / 年龄不限,招聘1人,3K-5K
(池州市贵池区前江工业园纬一路（牛头山镇）),池州汇德再生资源综合利用有限公司,环保技术员,大专 / 经验2年以上 / 性别不限 / 25～45岁,招聘2人,4K-5K
(池州市贵池区前江工业园纬一路（牛头山镇）),池州汇德再生资源综合利用有限公司,综合部文员,大专 / 经验5年以上 / 性别女 / 28～38岁,招聘1人,薪资面议
(池州市经济技术开发区滨江大道江口水厂东侧200米),福泰动力有限公司,英语翻译（临时）,本科 / 经验不限 / 性别不限 / 年龄不限,招聘1人,薪资面议
(池州市经济技术开发区滨江大道江口水厂东侧200米),福泰动力有限公司,车工,学历不限 / 经验不限 / 性别不限 / 年龄不限,招聘1人,3K-4K
(池州市经济技术开发区滨江大道江口水厂东侧200米),福泰动力有限公司,采购部部长,大专 / 经验5年以上 / 性别不限 / 年龄不限,招聘若干人,面议
,安徽我爱我树网络科技有限公司,人事专员,学历不限 / 经验不限 / 性别不限 / 年龄不限,招聘2人,薪资面议
(池州市经济技术开发区滨江大道江口水厂东侧200米),福泰动力有限公司,主管会计,本科 / 经验3年以上 / 性别不限 / 年龄不限,招聘1人,4K-5K
(池州市经济技术开发区滨江大道江口水厂东侧200米),福泰动力有限公司,质量管理部部长,大专 / 经验5年以上 / 性别不限 / 年龄不限,招聘1人,面议
(池州市经济技术开发区滨江大道江口水厂东侧200米),福泰动力有限公司,审计专员,本科 / 经验2年以上 / 性别不限 / 年龄不限,招聘1人,面议
(安徽省池州市青阳县经济开发区),安徽柯力电气制造有限公司,自动化工程师,本科 / 经验3年以上 / 性别不限 / 年龄不限,招聘1人,薪资面议
,小萌星主持培训中心,幼儿老师,学历不限 / 经验不限 / 性别不限 / 年龄不限,招聘3人,薪资面议
,小萌星主持培训中心,作文老师,大专 / 经验不限 / 性别不限 / 年龄不限,招聘2人,薪资面议
,安徽尚亿民知识产权服务有限公司,知识产权专员,大专 / 经验3年以上 / 性别女 / 30～40岁,招聘2人,薪资面议
(池州市尚华国际B幢405室),池联科技公司,安装维修工程师,学历不限 / 经验不限 / 性别不限 / 年龄不限,招聘5人,2K-5K
(池州市贵池区前江工业园纬一路（牛头山镇）),池州汇德再生资源综合利用有限公司,化工、环保、危废处置工艺技术员,大专 / 经验3年以上 / 性别不限 / 年龄不限,招聘若干人,面议
,安徽省萝卜呗呗童装,天猫运营,学历不限 / 经验不限 / 性别不限 / 年龄不限,招聘1人,5K-10K
(波斯曼公寓622),池州天虹光电信息技术有限公司,技术员,学历不限 / 经验不限 / 性别不限 / 年龄不限,招聘5人,薪资面议
(翠柏路莫泰酒店三楼),龙美美容中心,市场经理,学历不限 / 经验不限 / 性别不限 / 年龄不限,招聘12人,3K-10K
(翠柏路莫泰酒店三楼),龙美美容中心,整形导医,学历不限 / 经验不限 / 性别不限 / 年龄不限,招聘8人,3K-10K
(翠柏路莫泰酒店三楼),龙美美容中心,烧饭阿姨,学历不限 / 经验不限 / 性别不限 / 年龄不限,招聘2人,2K-3K
(翠柏路莫泰酒店三楼),龙美美容中心,市场部人员,学历不限 / 经验不限 / 性别不限 / 年龄不限,招聘5人,4K-12K
(翠柏路莫泰酒店三楼),龙美美容中心,网络咨询,学历不限 / 经验不限 / 性别不限 / 年龄不限,招聘5人,3K-6K
(翠柏路莫泰酒店三楼),龙美美容中心,行政管理,学历不限 / 经验不限 / 性别不限 / 年龄不限,招聘3人,薪资面议
(豪丰国际家具城2期),池州联丰地板专卖店,业务经理,学历不限 / 经验不限 / 性别不限 / 年龄不限,招聘2人,2K-10K
(豪丰国际家具城2期),池州联丰地板专卖店,导购,学历不限 / 经验不限 / 性别不限 / 年龄不限,招聘3人,2K-8K
,九华旅游大九华宾馆,客户经理,本科 / 经验3年以上 / 性别不限 / 18～30岁,招聘1人,薪资面议
,九华旅游大九华宾馆,餐厅收银员,学历不限 / 经验不限 / 性别不限 / 18～28岁,招聘2人,3K-4K
,九华旅游大九华宾馆,前台接待员,大专 / 经验不限 / 性别不限 / 18～28岁,招聘5人,薪资面议
,九华旅游大九华宾馆,客房卫生班,学历不限 / 经验不限 / 性别女 / 年龄不限,招聘5人,面议
,九华旅游大九华宾馆,洗碗工、PA,学历不限 / 经验不限 / 性别女 / 40～48岁,招聘8人,3K-3K
,老城区炭火蛙锅,服务员,学历不限 / 经验不限 / 性别不限 / 年龄不限,招聘5人,2K-2K
,老城区炭火蛙锅,收银,学历不限 / 经验不限 / 性别不限 / 年龄不限,招聘2人,2K-3K
,老城区炭火蛙锅,传菜,学历不限 / 经验不限 / 性别不限 / 年龄不限,招聘2人,2K-2K
,老城区炭火蛙锅,服务员,学历不限 / 经验不限 / 性别不限 / 年龄不限,招聘2人,2K-3K
(杏花村街道长江北路328号),飞安童电子商务有些公司,拼多多运营助理,学历不限 / 经验不限 / 性别不限 / 年龄不限,招聘2人,薪资面议
(翠柏路莫泰酒店三楼),龙美美容中心,前台,学历不限 / 经验不限 / 性别不限 / 年龄不限,招聘3人,2K-5K
(杏花村街道长江北路328号),飞安童电子商务有些公司,客服,学历不限 / 经验不限 / 性别不限 / 年龄不限,招聘4人,2K-3K
(杏花村街道长江北路328号),飞安童电子商务有些公司,前台接待,学历不限 / 经验不限 / 性别不限 / 年龄不限,招聘4人,2K-3K
(安徽省池州市青阳县经济开发区),安徽柯力电气制造有限公司,工艺工程师,大专 / 经验3年以上 / 性别不限 / 年龄不限,招聘1人,薪资面议
(安徽省池州市青阳县经济开发区),安徽柯力电气制造有限公司,导线工程师,大专 / 经验不限 / 性别不限 / 年龄不限,招聘1人,薪资面议
(安徽省池州市青阳县经济开发区),安徽柯力电气制造有限公司,信息化工程师,大专 / 经验2年以上 / 性别不限 / 年龄不限,招聘1人,薪资面议
(安徽省池州市青阳县经济开发区),安徽柯力电气制造有限公司,质量经理,大专 / 经验3年以上 / 性别不限 / 年龄不限,招聘1人,薪资面议
(安徽省池州市青阳县经济开发区),安徽柯力电气制造有限公司,生产经理,大专 / 经验3年以上 / 性别不限 / 年龄不限,招聘1人,薪资面议
(安徽省池州市青阳县经济开发区),安徽柯力电气制造有限公司,计量员,高中 / 经验1年以上 / 性别不限 / 年龄不限,招聘1人,3K-5K
(波斯曼公寓622),池州天虹光电信息技术有限公司,学徒,学历不限 / 经验2年以上 / 性别男 / 年龄不限,招聘若干人,薪资面议
(翠柏路莫泰酒店三楼),龙美美容中心,医美高级咨询师,学历不限 / 经验不限 / 性别不限 / 年龄不限,招聘5人,3K-10K
,安庆泰亚鞋业有限公司,文员/助理/生管/仓管,学历不限 / 经验不限 / 性别不限 / 年龄不限,招聘5人,2K-5K
(池州市尚华国际B幢405室),池联科技公司,办公室人员,学历不限 / 经验不限 / 性别不限 / 年龄不限,招聘2人,2K-3K
,安徽省萝卜呗呗童装,市场销售经理,学历不限 / 经验不限 / 性别不限 / 年龄不限,招聘若干人,薪资面议
(翠柏路莫泰酒店三楼),龙美美容中心,美容,学历不限 / 经验不限 / 性别不限 / 年龄不限,招聘50人,2K-20K
(池州市尚华国际B幢405室),池联科技公司,计算机网络工程师,学历不限 / 经验不限 / 性别不限 / 年龄不限,招聘5人,2K-5K
(尚华国际B座15层（商之都对面）),池州元泉瑜伽养生会馆,前台接待,大专 / 经验1年以上 / 性别女 / 年龄不限,招聘2人,薪资面议
(长江北路与清风路交叉口东南角恒泰都市华庭),贵池区车爵仕汽车美容会所,洗车工,学历不限 / 经验不限 / 性别不限 / 年龄不限,招聘4人,薪资面议
(安徽省池州市青阳县经济开发区),安徽柯力电气制造有限公司,普工,初中 / 经验不限 / 性别不限 / 年龄不限,招聘60人,5K-6K
,逆时光美容会所,带薪学徒,学历不限 / 经验不限 / 性别不限 / 年龄不限,招聘3人,1K-2K
(翠柏路莫泰酒店三楼),龙美美容中心,文案设计,学历不限 / 经验不限 / 性别不限 / 年龄不限,招聘2人,3K-6K
(尚华国际B座15层（商之都对面）),池州元泉瑜伽养生会馆,瑜伽教练,学历不限 / 经验不限 / 性别不限 / 年龄不限,招聘2人,薪资面议
(尚华国际B座15层（商之都对面）),池州元泉瑜伽养生会馆,销售顾问,大专 / 经验2年以上 / 性别不限 / 年龄不限,招聘10人,薪资面议
(杏花村街道长江北路328号),飞安童电子商务有些公司,运营助理,学历不限 / 经验不限 / 性别不限 / 年龄不限,招聘2人,2K-4K
(杏花村街道长江北路328号),飞安童电子商务有些公司,诚信通,学历不限 / 经验不限 / 性别不限 / 年龄不限,招聘3人,薪资面议
(杏花村街道长江北路328号),飞安童电子商务有些公司,包装工（临时工）,学历不限 / 经验不限 / 性别不限 / 年龄不限,招聘15人,薪资面议
(池州市尚华国际B幢405室),池联科技公司,办公室人员,学历不限 / 经验不限 / 性别不限 / 年龄不限,招聘1人,2K-3K
(池州市甲地国际商贸城风情街1号楼4楼),尚好大药房连锁有限公司,出纳,高中 / 经验不限 / 性别不限 / 年龄不限,招聘1人,2K-3K
(豪丰国际家具城2期),池州联丰地板专卖店,市场业务员,学历不限 / 经验不限 / 性别不限 / 年龄不限,招聘10人,2K-10K
,捉鸭记特色餐厅,厨师长,学历不限 / 经验不限 / 性别不限 / 年龄不限,招聘2人,5K-8K
(贵池区工业园区康庄大道北侧),池州市大胡子实业有限公司,驾驶员,学历不限 / 经验1年以上 / 性别不限 / 年龄不限,招聘1人,面议
,安徽我爱我树网络科技有限公司,客服,学历不限 / 经验不限 / 性别女 / 20～28岁,招聘4人,2K-3K
(杏花村街道长江北路328号),飞安童电子商务有些公司,剪线头（临时工）,学历不限 / 经验不限 / 性别不限 / 年龄不限,招聘15人,薪资面议
(杏花村街道长江北路328号),飞安童电子商务有些公司,质检,学历不限 / 经验不限 / 性别不限 / 年龄不限,招聘5人,薪资面议
(杏花村街道长江北路328号),飞安童电子商务有些公司,运营,学历不限 / 经验不限 / 性别不限 / 年龄不限,招聘5人,薪资面议
(池州桃园小区19号楼306室),池州山立分子筛有限公司,急聘工艺员,本科 / 经验不限 / 性别男 / 23～40岁,招聘若干人,面议
(池州市贵池区同晖广场拉菲公馆Z1栋2408室),池州山立分子筛有限公司,高薪诚聘机修,初中 / 经验3年以上 / 性别男 / 30～50岁,招聘2人,薪资面议
,安庆泰亚鞋业有限公司,电工/机修/锅炉工,学历不限 / 经验不限 / 性别不限 / 年龄不限,招聘4人,3K-4K
(安徽省池州高新技术产业开发区),池州市九华明坤铝业有限公司,销售员,大专 / 经验不限 / 性别不限 / 20～35岁,招聘2人,面议
(安徽省池州高新技术产业开发区),池州市九华明坤铝业有限公司,销售内勤,大专 / 经验2年以上 / 性别女 / 25～30岁,招聘2人,2K-3K
(同晖广场拉菲公馆2408室),池州山立分子筛有限公司,景观设计师,大专 / 经验3年以上 / 性别不限 / 年龄不限,招聘2人,薪资面议
(安徽省池州高新技术产业开发区),池州市九华明坤铝业有限公司,会计,大专 / 经验1年以上 / 性别男 / 20～35岁,招聘1人,面议
(安徽省池州高新技术产业开发区),池州市九华明坤铝业有限公司,操作工,初中 / 经验不限 / 性别男 / 年龄不限,招聘30人,3K-6K
(池州市长江北路60号),池州蓝威科技发展有限公司,店面导购,中专 / 经验不限 / 性别女 / 38岁以下,招聘9人,薪资面议
,捉鸭记特色餐厅,服务员,学历不限 / 经验不限 / 性别不限 / 年龄不限,招聘2人,2K-3K
(安徽省池州高新技术产业开发区),池州市九华明坤铝业有限公司,质检员,初中 / 经验不限 / 性别不限 / 20～45岁,招聘10人,3K-4K
(池州市金溪路99号（平天湖广场对面）),池州志城房地产有限公司,置业顾问,学历不限 / 经验不限 / 性别不限 / 18～35岁,招聘若干人,面议
(安徽省池州市贵池开发区),池州市九华明坤铝业有限公司,仓库管理员,高中 / 经验不限 / 性别不限 / 20～40岁,招聘5人,面议
,池州蔚宇环保技术有限公司,实验室化验员,学历不限 / 经验不限 / 性别不限 / 年龄不限,招聘2人,3K-4K
,池州蔚宇环保技术有限公司,环保设备运营人员,学历不限 / 经验不限 / 性别不限 / 年龄不限,招聘3人,4K-5K
(高新区电子信息产业园),安徽艾露恩生物科技有限公司,网络销售！,学历不限 / 经验不限 / 性别不限 / 18～35岁,招聘8人,4K-8K
(安徽省池州高新技术产业开发区),池州市九华明坤铝业有限公司,CNC操作工,学历不限 / 经验不限 / 性别不限 / 18～45岁,招聘20人,3K-5K
(池州市(开发区金科路27号金马石业院内百世快递)),池州市拉钩供应链管理有限公司,分拣工,学历不限 / 经验不限 / 性别不限 / 年龄不限,招聘2人,2K-5K
(池州市(开发区金科路27号金马石业院内百世快递)),池州市拉钩供应链管理有限公司,客服人员,学历不限 / 经验不限 / 性别女 / 年龄不限,招聘3人,2K-2K
(池州市贵池区同晖广场Z1栋拉菲公馆2408室),池州山立分子筛有限公司,过控员,大专 / 经验1年以上 / 性别男 / 年龄不限,招聘1人,薪资面议
(同晖广场拉菲公馆),池州山立分子筛有限公司,设备管理,大专 / 经验3年以上 / 性别男 / 30～45岁,招聘1人,4K-5K
(池州市长江北路60号),池州蓝威科技发展有限公司,仓库管理员,学历不限 / 经验不限 / 性别不限 / 年龄不限,招聘2人,薪资面议
(安徽省池州高新技术产业开发区),池州市九华明坤铝业有限公司,绘图员,大专 / 经验1年以上 / 性别男 / 25～35岁,招聘1人,3K-4K
(池州市金溪路99号（平天湖广场对面）),池州志城房地产有限公司,物业保安,初中 / 经验不限 / 性别男 / 40～52岁,招聘1人,2K-3K
(池州市金溪路99号),池州志城房地产有限公司,销售助理,高中 / 经验不限 / 性别女 / 22～35岁,招聘1人,2K-3K
(池州市金溪路99号),池州志城房地产有限公司,物管员,学历不限 / 经验不限 / 性别不限 / 年龄不限,招聘1人,薪资面议
(安徽省池州高新技术产业开发区),池州市九华明坤铝业有限公司,机修工,中专 / 经验1年以上 / 性别男 / 25～45岁,招聘1人,面议
(贵池区工业园区康庄大道北侧),池州市大胡子实业有限公司,业务员,高中 / 经验不限 / 性别不限 / 18～50岁,招聘1人,薪资面议
(池州市长江南路国际汽车城1幢103),池州市捷途汽车销售服务有限公司,行政主管,学历不限 / 经验不限 / 性别不限 / 年龄不限,招聘1人,薪资面议
,逆时光美容会所,美容顾问,学历不限 / 经验不限 / 性别不限 / 年龄不限,招聘6人,4K-12K
(池州市金溪路99号（平天湖广场对面）),池州志城房地产有限公司,物业绿化护理工,学历不限 / 经验2年以上 / 性别男 / 45～60岁,招聘1人,面议
(池州市金溪路99号（平天湖广场对面）),池州志城房地产有限公司,平面设计,学历不限 / 经验不限 / 性别不限 / 年龄不限,招聘1人,面议
(池州市金溪路99号),池州志城房地产有限公司,保 安,学历不限 / 经验不限 / 性别不限 / 年龄不限,招聘4人,薪资面议
(池州市金溪路99号),池州志城房地产有限公司,出纳,学历不限 / 经验不限 / 性别不限 / 20～40岁,招聘1人,薪资面议
(池州市金溪路99号（平天湖广场对面）),池州志城房地产有限公司,物业管理,中专 / 经验2年以上 / 性别不限 / 30～45岁,招聘1人,2K-3K
(池州市金溪路99号),池州志城房地产有限公司,烧饭阿姨,学历不限 / 经验不限 / 性别不限 / 30～55岁,招聘1人,薪资面议
(东至县尧渡镇滨河园小区东入口门面),池州至尚规划建筑设计有限责任公司,建筑、方案设计师,本科 / 经验不限 / 性别不限 / 20～35岁,招聘5人,面议
(东至县尧渡镇滨河园小区东入口门面),池州至尚规划建筑设计有限责任公司,规划设计师,本科 / 经验不限 / 性别不限 / 20～35岁,招聘5人,面议
(池州市金溪路99号（平天湖广场对面）),池州志城房地产有限公司,外场,学历不限 / 经验不限 / 性别不限 / 18～35岁,招聘2人,面议
(东至县尧渡镇滨河园小区东入口门面),池州至尚规划建筑设计有限责任公司,市政、景观设计师,本科 / 经验不限 / 性别不限 / 20～35岁,招聘3人,面议
(东至县尧渡镇滨河园小区东入口门面),池州至尚规划建筑设计有限责任公司,装饰设计师,本科 / 经验不限 / 性别不限 / 18～40岁,招聘1人,薪资面议
(东至县尧渡镇滨河园小区东入口门面),池州至尚规划建筑设计有限责任公司,电气设计工程师,本科 / 经验不限 / 性别不限 / 20～30岁,招聘1人,薪资面议
(池州市贵池工业园区 通港大道58号),安徽力成智能装备股份有限公司,机床调试技工,中专 / 经验不限 / 性别不限 / 20～46岁,招聘5人,4K-6K
(池州市金溪路99号),池州志城房地产有限公司,物管员,初中 / 经验不限 / 性别女 / 30～45岁,招聘2人,面议
(池州市贵池工业园区 通港大道58号),安徽力成智能装备股份有限公司,磨床、钻床,初中 / 经验1年以上 / 性别不限 / 25～40岁,招聘1人,面议
(池州市贵池工业园区 通港大道58号),安徽力成智能装备股份有限公司,财务经理,大专 / 经验3年以上 / 性别男 / 20～45岁,招聘1人,5K-8K
,池州市捷途汽车销售服务有限公司,销售经理,大专 / 经验4年以上 / 性别不限 / 28～40岁,招聘1人,6K-8K
(池州市长江北路60号),池州蓝威科技发展有限公司,前台,学历不限 / 经验不限 / 性别不限 / 年龄不限,招聘1人,薪资面议
(池州市长江南路国际汽车城1幢103),池州市捷途汽车销售服务有限公司,二网经理,学历不限 / 经验不限 / 性别不限 / 年龄不限,招聘1人,4K-5K
(长江北路时代广场),池州市兆丰招商运营代理有限公司,财务,大专 / 经验不限 / 性别不限 / 年龄不限,招聘2人,薪资面议
(池州市贵池工业园区 通港大道58号),安徽力成智能装备股份有限公司,装配工,高中 / 经验2年以上 / 性别不限 / 28～50岁,招聘若干人,面议
(新西街二楼),鱼你在一起,勤杂工,学历不限 / 经验不限 / 性别不限 / 年龄不限,招聘1人,2K-2K
(长江北路与清风路交叉口东南角恒泰都市华庭),贵池区车爵仕汽车美容会所,洗车工,学历不限 / 经验不限 / 性别不限 / 年龄不限,招聘2人,薪资面议
(池州市金溪路99号（平天湖广场对面）),池州志城房地产有限公司,物业水电工,学历不限 / 经验2年以上 / 性别男 / 45～55岁,招聘1人,面议
(长江北路与清风路交叉口东南角恒泰都市华庭),贵池区车爵仕汽车美容会所,前台接待,学历不限 / 经验不限 / 性别不限 / 年龄不限,招聘2人,薪资面议
(长江北路与清风路交叉口东南角恒泰都市华庭),贵池区车爵仕汽车美容会所,机修工,学历不限 / 经验不限 / 性别不限 / 年龄不限,招聘1人,薪资面议
(池州市开发区金同路67号（20路公交双平路口下，可直达）),安徽金度洋（池州）机电科技有限公司,加工中心操作学徒工,学历不限 / 经验不限 / 性别不限 / 年龄不限,招聘5人,面议
(池州市开发区金同路67号（20路公交双平路口下，可直达）),安徽金度洋（池州）机电科技有限公司,质量检验员,学历不限 / 经验不限 / 性别不限 / 年龄不限,招聘3人,面议
(池州市开发区金同路67号（20路公交双平路口下，可直达）),安徽金度洋（池州）机电科技有限公司,加工中心操作员,学历不限 / 经验不限 / 性别不限 / 年龄不限,招聘10人,面议
(池州市香港城1栋),池州招聘网(chizhoujob.com),招聘顾问,学历不限 / 经验不限 / 性别不限 / 20～36岁,招聘2人,2K-8K
(池州市金溪路99号),池州志城房地产有限公司,销售助理,高中 / 经验不限 / 性别不限 / 22～35岁,招聘1人,薪资面议
,池州市捷途汽车销售服务有限公司,市场经理,大专 / 经验2年以上 / 性别不限 / 年龄不限,招聘1人,4K-5K
(池州市贵池工业园区 通港大道58号),安徽力成智能装备股份有限公司,铣床、磨床,初中 / 经验1年以上 / 性别男 / 25～45岁,招聘2人,面议
,安庆泰亚鞋业有限公司,品检员/质检员,学历不限 / 经验不限 / 性别不限 / 年龄不限,招聘20人,3K-4K
(池州市金溪路99号（平天湖广场对面）),池州志城房地产有限公司,办公室文员,大专 / 经验不限 / 性别女 / 22～26岁,招聘1人,面议
(一店地址:池州市翠微东路兴佳小区入口处(欧普照明)二店地址:百汇大市场入口处(欧普照明华美灯饰)),欧普照明,安装工,学历不限 / 经验不限 / 性别不限 / 年龄不限,招聘2人,薪资面议
(池州市长江中路1号金汇广场4楼),池州招聘网(chizhoujob.com),招聘顾问（销售岗位）,高中 / 经验不限 / 性别不限 / 18～40岁,招聘5人,面议
(一店地址:池州市翠微东路兴佳小区入口处(欧普照明)二店地址:百汇大市场入口处(欧普照明华美灯饰)),欧普照明,业务员,学历不限 / 经验不限 / 性别不限 / 25～40岁,招聘2人,薪资面议
(新西街二楼),鱼你在一起,煮鱼师,初中 / 经验不限 / 性别不限 / 21～48岁,招聘1人,3K-3K
,鱼你在一起,收银员,学历不限 / 经验不限 / 性别不限 / 年龄不限,招聘1人,2K-3K
(齐山大道与滨湖路交汇处翠微南苑二期B区),池州市智睿金属制品有限公司,电焊工,学历不限 / 经验5年以上 / 性别不限 / 年龄不限,招聘4人,5K-8K
(站前区4S店集中区),池州市吉顺二手车经销有限公司,业务经理,学历不限 / 经验不限 / 性别不限 / 25～35岁,招聘5人,薪资面议
(池州市贵池区通港路89号第28栋),池州巨成电子科技有限公司,品管员,中专 / 经验1年以上 / 性别不限 / 18～30岁,招聘3人,薪资面议
,捉鸭记特色餐厅,洗碗工,学历不限 / 经验不限 / 性别不限 / 年龄不限,招聘2人,2K-2K
(池州市贵池区通港路89号第28栋),池州巨成电子科技有限公司,技术员,中专 / 经验1年以上 / 性别不限 / 25～35岁,招聘2人,薪资面议
(长江中路中国银行对面),姥爷爷土钵菜馆,服务员,学历不限 / 经验不限 / 性别不限 / 18～45岁,招聘1人,2K-3K
(长江中路中国银行对面),姥爷爷土钵菜馆,收银员,学历不限 / 经验不限 / 性别不限 / 年龄不限,招聘1人,2K-3K
(长江中路中国银行对面),姥爷爷土钵菜馆,大堂经理,学历不限 / 经验不限 / 性别不限 / 年龄不限,招聘1人,薪资面议
(池州凤凰大道与翠峰路交口),绿地集团池州置业有限公司,财务,学历不限 / 经验不限 / 性别不限 / 年龄不限,招聘2人,薪资面议
(贵池区工业园区康庄大道北侧),池州市大胡子实业有限公司,普工,学历不限 / 经验不限 / 性别不限 / 年龄不限,招聘20人,2K-3K
(池州市(开发区金科路27号金马石业院内百世快递)),池州市拉钩供应链管理有限公司,储备干部,学历不限 / 经验不限 / 性别不限 / 年龄不限,招聘3人,2K-5K
(池州市秋浦东路与翠百路交口万卷书城二楼),池州万卷书城,收银员、电脑操作员,学历不限 / 经验不限 / 性别不限 / 年龄不限,招聘若干人,薪资面议
(池州市秋浦东路与翠百路交口万卷书城二楼),池州万卷书城,理货员、导购员,学历不限 / 经验不限 / 性别不限 / 年龄不限,招聘若干人,薪资面议
(青峰花园17幢115#(邮政储蓄银行对面)）),池州市我爱我家房产经纪有限公司,置业顾问,学历不限 / 经验不限 / 性别不限 / 年龄不限,招聘20人,面议
(池州市(开发区金科路27号金马石业院内百世快递)),池州市拉钩供应链管理有限公司,驾驶员,学历不限 / 经验不限 / 性别不限 / 年龄不限,招聘2人,薪资面议
(池州市通港路89号高新技术产业开发区A区13栋),池州汉诺威机电设备科技有限公司,电工,学历不限 / 经验2年以上 / 性别男 / 26～50岁,招聘2人,面议
,头道汤养生坊,顾问,学历不限 / 经验不限 / 性别不限 / 年龄不限,招聘4人,5K-10K
,头道汤养生坊,头疗师,学历不限 / 经验不限 / 性别不限 / 18～40岁,招聘20人,5K-10K
(池州市通港路89号高新技术产业开发区A区13栋),池州汉诺威机电设备科技有限公司,淘宝客服,学历不限 / 经验不限 / 性别不限 / 25～35岁,招聘2人,3K-4K
(池州豪丰装饰城1号楼103),水性科天,销售人员,学历不限 / 经验不限 / 性别不限 / 年龄不限,招聘10人,2K-7K
(池州豪丰装饰城1号楼103),水性科天,设计师,学历不限 / 经验不限 / 性别不限 / 18～50岁,招聘4人,3K-8K
(池州凤凰大道与翠峰路交口),绿地集团池州置业有限公司,销售顾问,学历不限 / 经验不限 / 性别不限 / 18～35岁,招聘20人,2K-8K
(池州豪丰装饰城1号楼103),水性科天,售后服务人员,学历不限 / 经验不限 / 性别不限 / 年龄不限,招聘3人,3K-6K
(长江南路兴惠广场65号),老铜匠卫浴,导购,学历不限 / 经验不限 / 性别不限 / 年龄不限,招聘6人,2K-5K
(池州市贵池区通港路89号第28栋),池州巨成电子科技有限公司,操作工,学历不限 / 经验不限 / 性别不限 / 18～30岁,招聘若干人,4K-5K
,逆时光美容会所,美容美体师,学历不限 / 经验不限 / 性别不限 / 年龄不限,招聘6人,3K-12K
(池州市贵池区通港路89号第28栋),池州巨成电子科技有限公司,工程文员,大专 / 经验1年以上 / 性别女 / 18～30岁,招聘1人,薪资面议
(青峰花园17幢115#(邮政储蓄银行对面)）),池州市我爱我家房产经纪有限公司,门店经理,中专 / 经验2年以上 / 性别不限 / 年龄不限,招聘10人,面议
(一店地址:池州市翠微东路兴佳小区入口处(欧普照明)二店地址:百汇大市场入口处(欧普照明华美灯饰)),欧普照明,导购,学历不限 / 经验不限 / 性别不限 / 25～40岁,招聘2人,薪资面议
(长江北路与清风路交叉口东南角恒泰都市华庭),贵池区车爵仕汽车美容会所,汽车学徒,学历不限 / 经验不限 / 性别不限 / 年龄不限,招聘10人,薪资面议
