company,jname,jtxt,mount,salary
安徽普倍生物科技有限公司,销售内勤,"贵池区,经验不限,本科",[1人],面议
池州人网文化传媒有限公司,房产编辑,"贵池区,经验不限,本科",[若干人],3千-5千/月
池州人网文化传媒有限公司,新媒体编辑,"贵池区/城区,经验不限,本科",[若干人],3千-5千/月
池州人网文化传媒有限公司,网站编辑,"贵池区/城区,经验不限,本科",[若干人],3千-5千/月
池州人网文化传媒有限公司,商务经理（政务）,"贵池区,经验不限,本科",[若干人],面议
池州人网文化传媒有限公司,商务经理（综合）,"贵池区/城区,经验不限,大专",[若干人],面议
池州人网文化传媒有限公司,视频拍摄与制作,"贵池区,经验不限,学历不限",[若干人],面议
池州人网文化传媒有限公司,人才频道销售经理,"贵池区,经验不限,大专",[若干人],面议
池州市纽约纽约时尚婚纱摄影影楼,门店销售,"贵池区/城区,1-3年,学历不限",[4人],3千-6千/月
池州市纽约纽约时尚婚纱摄影影楼,化妆助理,"贵池区,经验不限,学历不限",[4人],1千-2千/月
池州市纽约纽约时尚婚纱摄影影楼,化妆师,"贵池区,3-5年,学历不限",[2人],3千-5千/月
池州市纽约纽约时尚婚纱摄影影楼,化妆师,"贵池区,1-3年,学历不限",[2人],3千-6千/月
池州市纽约纽约时尚婚纱摄影影楼,摄影助理,"贵池区,经验不限,学历不限",[4人],1千-2千/月
池州人网文化传媒有限公司,销售助理,"贵池区,经验不限,大专",[若干人],面议
池州海韵健康服务有限公司,销售经理,"贵池区,1-3年,大专",[2人],5千-1万/月
池州海韵健康服务有限公司,保健护理师,"贵池区,1-3年,中专",[2人],3千-5千/月
安徽九朵莲实业股份有限公司,销售专员,"贵池区,经验不限,学历不限",[若干人],面议
安徽九朵莲实业股份有限公司,销售经理,"贵池区,经验不限,学历不限",[1人],面议
安徽九朵莲实业股份有限公司,接待员,"贵池区,经验不限,学历不限",[1人],2千-3千5/月
安徽九朵莲实业股份有限公司,财务,"贵池区,经验不限,大专",[1人],3千-3千5/月
安徽九朵莲实业股份有限公司,设计师,"贵池区,1-3年,大专",[2人],3千-5千/月
安徽九朵莲实业股份有限公司,招商专员,"贵池区,经验不限,学历不限",[1人],2千5-4千/月
安徽九朵莲实业股份有限公司,电商运营专员,"贵池区,经验不限,学历不限",[若干人],面议
池信交通信息咨询服务有限公司,实习律师,"贵池区,经验不限,学历不限",[若干人],面议
池信交通信息咨询服务有限公司,法律销售业务员,"贵池区,经验不限,学历不限",[5人],5千-1万/月
玉臻集团,玉臻诚聘客服专员,"贵池区,经验不限,高中",[99人],3千-5千/月
玉臻集团,客服专员,"贵池区,经验不限,高中",[99人],3千-5千/月
贵池区哥俪服饰店,哥弟导购底薪4500,"贵池区/城区,经验不限,学历不限",[若干人],4千5-8千/月
贵池区哥俪服饰店,哥弟高薪诚聘导购,"贵池区/城区,经验不限,学历不限",[若干人],4千5-8千/月
池州指游网络科技有限公司,客服（年后上班）,"贵池区,经验不限,学历不限",[5人],面议
池州指游网络科技有限公司,游戏客服+高提成包住宿,"贵池区,经验不限,学历不限",[5人],4千-8千/月
池州骏智机电科技有限公司,人事主管,"贵池区,3-5年,大专",[1人],3千-4千5/月
池州骏智机电科技有限公司,行政专员,"贵池区,1-3年,大专",[1人],2千5-4千/月
池州骏智机电科技有限公司,销售内勤,"贵池区,1-3年,中专",[1人],3千-5千/月
池州骏智机电科技有限公司,仓管员,"贵池区,1-3年,高中",[1人],2千5-4千/月
池州骏智机电科技有限公司,质量工程师,"贵池区,3-5年,大专",[2人],5千-6千5/月
池州骏智机电科技有限公司,电气工程师,"贵池区,3-5年,大专",[2人],面议
池州骏智机电科技有限公司,技术员,"贵池区,经验不限,学历不限",[若干人],5千-6千/月
池州骏智机电科技有限公司,质检员,"贵池区,1-3年,高中",[若干人],4千7-6千/月
池州骏智机电科技有限公司,冲压模具工程师,"贵池区,5-10年,高中",[若干人],面议
池州市万豪窗业,不锈钢板剪板折弯师傅或学徒,"贵池区,1-3年,学历不限",[若干人],3千2-5千/月
池州市九华山莲花小镇物业管理有限公司,电工,"青阳县,1-3年,中专",[1人],面议
池州市九华山莲花小镇物业管理有限公司,保安员,"青阳县,经验不限,初中",[2人],面议
池州市九华山莲花小镇物业管理有限公司,绿化工,"青阳县,经验不限,初中",[1人],面议
池州千讯安康生物科技有限公司,合伙人,"贵池区/城区,经验不限,学历不限",[若干人],面议
池州千讯安康生物科技有限公司,市场营销经理,"贵池区/城区,经验不限,学历不限",[若干人],面议
池州千讯安康生物科技有限公司,护士，内科医生，管理师,"贵池区/城区,经验不限,学历不限",[若干人],面议
池州千讯安康生物科技有限公司,护士,"贵池区/城区,经验不限,学历不限",[若干人],面议
池州邻鹿养老服务有限公司,养老院院长,"贵池区,经验不限,学历不限",[若干人],面议
池州邻鹿养老服务有限公司,护工,"贵池区,经验不限,初中",[10人],3千-3千5/月
池州市薇薇新娘婚纱摄影名店,摄影师,"贵池区/城区,经验不限,学历不限",[若干人],2千-3千/月
贵池区顺泰家用电器销售中心,中央空调安装工学徒,"贵池区/城区,经验不限,学历不限",[若干人],面议
贵池区顺泰家用电器销售中心,空调安装工,"贵池区/城区,经验不限,学历不限",[若干人],面议
贵池区顺泰家用电器销售中心,中央空调安装工及学徒,"贵池区/城区,经验不限,学历不限",[若干人],面议
贵池区顺泰家用电器销售中心,空调安装工，学徒,"贵池区/城区,经验不限,学历不限",[若干人],面议
池州骏智机电科技有限公司,PE工程师,"贵池区,3-5年,大专",[2人],面议
池州骏智机电科技有限公司,普工,"贵池区/乡镇,经验不限,初中",[60人],4千5-6千/月
池州骏智机电科技有限公司,生产计划,"贵池区/乡镇,1-3年,大专",[1人],3千-3千5/月
池州天天快递公司,市区承包区，快递员，电话客服,"贵池区/乡镇,经验不限,学历不限",[若干人],3千-5千/月
池州天天快递公司,招聘市区承包区与快递员与客服人员,"贵池区/城区,经验不限,学历不限",[若干人],面议
深圳市城投物业管理有限公司池州分公司,保洁,"贵池区,经验不限,学历不限",[1人],面议
池州市盛唐装饰工程有限公司,室内设计师,"贵池区,经验不限,学历不限",[6人],5千-1万/月
贵池区世甲酒庄,销售代表,"贵池区,经验不限,学历不限",[30人],4千-8千/月
贵池区世甲酒庄,区域销售,"贵池区,经验不限,学历不限",[50人],3千-6千/月
贵池区世甲酒庄,销售经理,"贵池区,经验不限,学历不限",[30人],5千-1万/月
贵池区世甲酒庄,销售经理,"贵池区,经验不限,学历不限",[30人],5千-1万/月
贵池区世甲酒庄,底薪4800+高提成+奖金,"贵池区,5-10年,学历不限",[5人],5千-1万/月
贵池区世甲酒庄,业务经理,"贵池区,1-3年,高中",[2人],面议
贵池区世甲酒庄,店员,"贵池区,经验不限,高中",[1人],2千-4千/月
贵池区世甲酒庄,市场营销,"贵池区,经验不限,学历不限",[10人],3千-6千/月
安徽省昇茂财务咨询有限公司,人事经理,"贵池区,经验不限,大专",[1人],面议
安徽省昇茂财务咨询有限公司,销售代表,"青阳县,经验不限,学历不限",[若干人],3千-6千/月
安徽省昇茂财务咨询有限公司,外勤会计,"贵池区,经验不限,大专",[1人],1千5-2千5/月
安徽省昇茂财务咨询有限公司,高薪诚聘销售代表,"贵池区,经验不限,学历不限",[若干人],4千-8千/月
安徽省昇茂财务咨询有限公司,电话客服,"贵池区,经验不限,学历不限",[若干人],4千-8千/月
安徽省昇茂财务咨询有限公司,聘销售薪资5000＋,"贵池区,经验不限,学历不限",[若干人],4千-8千/月
安徽省昇茂财务咨询有限公司,昇茂聘销售薪资5000+,"贵池区,经验不限,学历不限",[若干人],4千-8千/月
安徽省昇茂财务咨询有限公司,销售代表,"贵池区,经验不限,学历不限",[若干人],4千-8千/月
安徽省昇茂财务咨询有限公司,诚聘高薪销售,"贵池区,经验不限,学历不限",[若干人],4千-8千/月
安徽省昇茂财务咨询有限公司,电话客服,"贵池区,经验不限,学历不限",[若干人],4千-8千/月
安徽省昇茂财务咨询有限公司,电话销售,"贵池区,经验不限,学历不限",[若干人],4千-8千/月
安徽省昇茂财务咨询有限公司,销售代表,"贵池区,经验不限,学历不限",[若干人],4千-8千/月
安徽省昇茂财务咨询有限公司,诚聘销售代表,"贵池区,经验不限,学历不限",[6人],4千-8千/月
安徽省昇茂财务咨询有限公司,高薪诚聘电话客服,"贵池区,经验不限,高中",[6人],4千-8千/月
安徽齐山房地产开发有限责任公司,项目运营经理,"贵池区,3-5年,大专",[1人],面议
安徽省昇茂财务咨询有限公司,高薪诚聘电话销售,"贵池区,经验不限,高中",[6人],3千-6千/月
安徽省昇茂财务咨询有限公司,高薪诚聘电话销售,"贵池区,经验不限,高中",[6人],4千-8千/月
安徽省昇茂财务咨询有限公司,电话销售,"贵池区/城区,经验不限,学历不限",[6人],4千-8千/月
池州橡树湾服饰有限公司,缝纫学徒工,"贵池区,经验不限,学历不限",[若干人],面议
池州橡树湾服饰有限公司,缝纫工,"贵池区,经验不限,学历不限",[若干人],面议
池州黑马体育健身发展有限公司,私人教练,"贵池区/城区,经验不限,学历不限",[若干人],面议
池州黑马体育健身发展有限公司,会籍顾问,"贵池区/城区,经验不限,学历不限",[若干人],面议
池州众慧财务咨询服务有限公司,电话销售（包住宿）直接电话联系我,"贵池区/城区,经验不限,学历不限",[若干人],2千5-5千/月
池州众慧财务咨询服务有限公司,实习会计（有意向直接电话联系我）,"贵池区/城区,经验不限,学历不限",[若干人],面议
池州众慧财务咨询服务有限公司,财税顾问,"贵池区/城区,经验不限,学历不限",[若干人],面议
池州众慧财务咨询服务有限公司,销售代表,"贵池区/城区,经验不限,学历不限",[若干人],2千5-5千/月
池州煜峰文化旅游发展有限公司,吧台收银员,"贵池区/城区,经验不限,学历不限",[若干人],面议
池州煜峰文化旅游发展有限公司,驾驶员,"贵池区/城区,经验不限,学历不限",[若干人],面议
贵池区禾泰茶餐厅,前台兼服务,"贵池区,经验不限,学历不限",[2人],面议
芜湖智观房地产策划有限公司,行政，策划,"贵池区/城区,经验不限,学历不限",[若干人],面议
芜湖智观房地产策划有限公司,置业销售,"石台县/县城,经验不限,学历不限",[若干人],5千-8千/月
康丽净环保技术有限公司,业务员,"贵池区,经验不限,学历不限",[3人],3千-5千/月
康丽净环保技术有限公司,业务经理,"贵池区,1-3年,学历不限",[若干人],面议
池州市众联商贸有限公司,空调地暖工,"贵池区,1-3年,初中",[4人],4千-8千/月
池州市众联商贸有限公司,销售主管,"贵池区,1-3年,高中",[4人],4千-8千/月
池州市众联商贸有限公司,电话销售,"贵池区,经验不限,高中",[2人],3千-4千5/月
安徽智元互联信息科技有限公司,客户经理,"贵池区,经验不限,大专",[1人],4千-6千/月
安徽智元互联信息科技有限公司,弱电工程设计总监,"贵池区,经验不限,大专",[1人],5千-7千/月
安徽智元互联信息科技有限公司,弱电工程设计员,"贵池区/城区,经验不限,大专",[1人],3千-5千/月
安徽华刃科技有限公司,生产操作工,"贵池区,经验不限,初中",[30人],4千-5千/月
池州市贵池区指南针课外教育学校有限公司,初中物理,"贵池区,经验不限,学历不限",[若干人],2千5-4千5/月
池州市贵池区指南针课外教育学校有限公司,招聘全职老师（初中英语）,"贵池区,1年以下,本科",[2人],2千6-4千/月
浙江链机信息科技有限公司,急聘大厨高薪,"贵池区,3-5年,高中",[2人],5千-6千/月
浙江链机信息科技有限公司,售前客服,"贵池区,1-3年,高中",[5人],4千5-5千/月
浙江链机信息科技有限公司,售后专员（年薪10万）,"贵池区,1-3年,高中",[25人],8千-1万4/月
浙江链机信息科技有限公司,售后客服,"贵池区,1-3年,高中",[25人],8千-1万4/月
安徽笨鸟先飞电子商务发展有限公司,英文客服,"贵池区/城区,经验不限,大专",[5人],6千-7千/月
池州简凡汽车美容服务有限公司,高薪诚聘洗车阿姨,"贵池区/城区,经验不限,学历不限",[若干人],面议
池州简凡汽车美容服务有限公司,高薪诚聘洗车美容技师,"贵池区/城区,经验不限,学历不限",[若干人],3千-5千/月
池州市天福商贸中心,导购员,"贵池区/城区,1-3年,初中",[若干人],面议
安徽蓝色海湾信鸽文化发展有限公司,驾驶员兼信鸽饲养人员,"贵池区/乡镇,经验不限,高中",[10人],3千5-4千5/月
安徽蓝色海湾信鸽文化发展有限公司,财务会计,"贵池区,1-3年,大专",[1人],3千-3千5/月
安徽蓝色海湾信鸽文化发展有限公司,棚内清洁工,"贵池区,经验不限,学历不限",[10人],2千5/月
中通服建设有限公司,通信维护员,"青阳县,1年以下,高中",[若干人],3千5-4千5/月
池州市柯林斯教育咨询服务中心,少儿英语教师,"贵池区,1年以下,大专",[2人],4千-6千/月
池州市柯林斯教育咨询服务中心,少儿作文老师,"贵池区,1年以下,大专",[2人],4千-6千/月
安徽九华山投资开发集团有限公司,出纳,"九华山,1-3年,中专",[1人],2千-2千5/月
安徽九华山投资开发集团有限公司,会计,"九华山,1-3年,大专",[若干人],面议
安徽九华山投资开发集团有限公司,财务经理,"九华山,3-5年,大专",[若干人],面议
池州月新绣品有限公司,印花刮板师傅,"贵池区/城区,经验不限,学历不限",[若干人],面议
池州月新绣品有限公司,绣花工,"贵池区/城区,经验不限,学历不限",[若干人],面议
池州星云飞渡影视文化传媒,文案人员,"贵池区/城区,经验不限,大专",[2人],面议
池州星云飞渡影视文化传媒,影视后期制作人员,"贵池区/城区,经验不限,学历不限",[5人],3千-6千/月
池州星云飞渡影视文化传媒,影视拍摄人员,"贵池区/城区,经验不限,学历不限",[5人],2千-4千/月
安徽华安电力建设有限公司,电力工程项目管理,"贵池区,1-3年,大专",[5人],面议
安徽华安电力建设有限公司,行政文员,"贵池区,1-3年,大专",[1人],面议
池州市贵池区太阳新城幼儿园,太阳新城幼儿园幼师,"贵池区,经验不限,学历不限",[若干人],2千-4千/月
池州市贵池区太阳新城幼儿园,幼师,"贵池区,经验不限,学历不限",[2人],2千-4千/月
兴和食品有限责任公司,驾驶员,"贵池区,1-3年,学历不限",[1人],面议
兴和食品有限责任公司,送货员,"贵池区,经验不限,学历不限",[2人],2千-3千/月
池州志合房地产营销策划有限公司,一手房销售,"贵池区/城区,经验不限,学历不限",[若干人],3千-5千/月
池州伟星管材销售有限公司,业务员,"贵池区/城区,1-3年,高中",[5人],3千-6千/月
池州伟星管材销售有限公司,店员,"贵池区/城区,经验不限,高中",[4人],2千-4千/月
安徽秋浦河旅游股份有限公司,售票员,"石台县,经验不限,高中",[2人],2千-3千/月
安徽秋浦河旅游股份有限公司,客户经理,"石台县,经验不限,大专",[5人],3千-6千/月
安徽秋浦河旅游股份有限公司,餐厅服务员,"石台县,经验不限,学历不限",[5人],2千-3千/月
格林豪泰（长江南路店）,销售经理,"贵池区/城区,经验不限,学历不限",[若干人],2千5-3千5/月
格林豪泰（长江南路店）,前台接待,"贵池区/城区,经验不限,学历不限",[若干人],2千-3千/月
橄榄树美容服务有限公司,美容师,"贵池区,经验不限,学历不限",[99人],5千-1万/月
橄榄树美容服务有限公司,美容师,"贵池区,经验不限,学历不限",[若干人],3千-5千/月
安徽顺丰速运有限公司池州分公司,高峰期小时工,"贵池区,经验不限,学历不限",[若干人],3千-4千/月
安徽顺丰速运有限公司池州分公司,大货车司机,"贵池区,5-10年,学历不限",[1人],面议
安徽顺丰速运有限公司池州分公司,储备高峰期仓管、收派员,"贵池区,无经验,高中",[若干人],面议
池州市卓尔服饰有限公司,生产管理,"贵池区,1-3年,学历不限",[2人],面议
池州市卓尔服饰有限公司,网站运营,"贵池区,经验不限,学历不限",[2人],面议
池州市卓尔服饰有限公司,裁剪师,"贵池区,1-3年,学历不限",[2人],面议
池州市卓尔服饰有限公司,专业服装制版师,"贵池区/乡镇,经验不限,学历不限",[2人],5千-5千5/月
池州市卓尔服饰有限公司,专职会计,"贵池区/乡镇,1-3年,大专",[1人],3千5-4千5/月
安徽博洋钢结构安装工程有限公司,文员,"贵池区,1-3年,大专",[1人],2千-3千/月
安徽博洋钢结构安装工程有限公司,气保焊电焊工,"贵池区/乡镇,经验不限,学历不限",[若干人],面议
安徽博洋钢结构安装工程有限公司,钢构火焰切割机剪板师傅,"贵池区,经验不限,学历不限",[若干人],面议
安徽博洋钢结构安装工程有限公司,保安,"贵池区,经验不限,学历不限",[若干人],1千8-2千/月
池州百维度信息技术有限公司,销售顾问,"贵池区,经验不限,中专",[8人],3千-5千/月
池州百维度信息技术有限公司,销售主管,"贵池区,3-5年,大专",[5人],5千-1万/月
池州百维度信息技术有限公司,网络客服,"贵池区,1-3年,大专",[2人],3千-5千/月
池州百维度信息技术有限公司,人事专员,"贵池区,1-3年,大专",[1人],2千-3千/月
池州百维度信息技术有限公司,网站程序员,"贵池区,1-3年,大专",[若干人],5千-1万/月
池州市安安精工铝业有限公司,普工,"贵池区,经验不限,学历不限",[99人],4千-6千/月
池州市安安精工铝业有限公司,仓管,"贵池区,经验不限,学历不限",[若干人],面议
池州市安安精工铝业有限公司,质量工程师（汽配）,"贵池区,经验不限,学历不限",[若干人],面议
池州市安安精工铝业有限公司,模具仓库管理员,"贵池区,经验不限,学历不限",[若干人],面议
池州市安安精工铝业有限公司,环保助理,"贵池区,1-3年,大专",[1人],4千-5千/月
池州市安安精工铝业有限公司,品质工程主管,"贵池区,经验不限,学历不限",[1人],面议
池州市安安精工铝业有限公司,质检员,"贵池区,经验不限,学历不限",[若干人],面议
池州市安安精工铝业有限公司,车间统计,"贵池区,经验不限,高中",[3人],3千-4千/月
池州市安安精工铝业有限公司,会计,"贵池区,经验不限,学历不限",[若干人],面议
池州市安安精工铝业有限公司,氧化机修,"贵池区,经验不限,学历不限",[若干人],面议
池州市安安精工铝业有限公司,研发部技术助理,"贵池区,经验不限,学历不限",[若干人],面议
池州市安安精工铝业有限公司,行政助理,"贵池区,经验不限,学历不限",[若干人],面议
池州市安安精工铝业有限公司,电工,"贵池区,经验不限,学历不限",[5人],面议
池州市安安精工铝业有限公司,外贸业务内勤,"贵池区,经验不限,学历不限",[若干人],面议
池州市安安精工铝业有限公司,理化员,"贵池区,经验不限,学历不限",[若干人],面议
池州市安安精工铝业有限公司,抛模,"贵池区,经验不限,学历不限",[若干人],面议
青阳县金芙蓉农林生态专业合作社,办公室主任,"青阳县,1-3年,大专",[1人],面议
青阳县金芙蓉农林生态专业合作社,业务员,"青阳县,1-3年,高中",[10人],面议
深圳市美展电子商贸有限公司,京东淘宝运营学员,"贵池区/城区,经验不限,学历不限",[若干人],5千-8千/月
安徽省忆江南生物科技有限公司,普工,"贵池区/城区,经验不限,学历不限",[若干人],2千6-3千/月
安徽省忆江南生物科技有限公司,文员 后勤 助理,"贵池区/城区,经验不限,学历不限",[若干人],面议
个体户姜根琴,报刊以及包裹投递员,"贵池区/城区,经验不限,学历不限",[若干人],2千-4千/月
嘉年华宾馆,酒店前台,"贵池区/城区,经验不限,学历不限",[若干人],面议
嘉年华宾馆,客房服务员,"贵池区/城区,经验不限,学历不限",[若干人],面议
嘉年华宾馆,前台,"贵池区/城区,经验不限,学历不限",[若干人],2千5-2千7/月
嘉年华宾馆,酒店前台,"贵池区/城区,经验不限,学历不限",[若干人],2千5-2千6/月
池州市方圆房地产经纪有限公司,置业顾问,"贵池区/城区,1-3年,高中",[5人],3千-6千/月
池州市方圆房地产经纪有限公司,房产销售业务员,"贵池区/城区,经验不限,高中",[10人],3千-6千/月
安徽优越地产顾问有限公司,龙云.新都汇诚聘销售顾问,"贵池区,经验不限,学历不限",[30人],面议
安徽优越地产顾问有限公司,电话专员,"贵池区,经验不限,学历不限",[若干人],面议
安徽优越地产顾问有限公司,房产策划,"贵池区,经验不限,学历不限",[2人],面议
安徽优越地产顾问有限公司,渠道专员,"贵池区,经验不限,高中",[10人],面议
池州祥盛汽车货运有限公司,大型货车修理工,"贵池区,3-5年,学历不限",[3人],面议
池州祥盛汽车货运有限公司,维修站厂长,"贵池区,5-10年,学历不限",[1人],面议
池州市拉钩供应链管理有限公司,快递员,"贵池区/城区,经验不限,学历不限",[若干人],3千-5千/月
池州市拉钩供应链管理有限公司,客服专员及储备干部,"贵池区/城区,经验不限,学历不限",[若干人],面议
池州十里岗驾驶培训学校有限公司,教练员,"贵池区,经验不限,学历不限",[5人],面议
池州十里岗驾驶培训学校有限公司,大厅办公人员,"贵池区,3-5年,大专",[1人],面议
新飞凡电脑,招聘移动代维技术员,"贵池区/城区,经验不限,学历不限",[若干人],面议
新飞凡电脑,网络技术员,"贵池区/乡镇,经验不限,学历不限",[若干人],面议
新飞凡电脑,网络技术员,"贵池区/乡镇,经验不限,学历不限",[若干人],2千6-3千/月
池州市秋浦通用工贸有限公司,文员/销售/导购/电话业务,"贵池区,经验不限,高中",[若干人],2千-4千/月
池州市秋浦通用工贸有限公司,送货司机（面包车和小厢货，C1照即可）,"贵池区,经验不限,初中",[若干人],2千5-5千/月
池州市秋浦通用工贸有限公司,饭店总经理、前台接待、服务员,"贵池区,经验不限,初中",[若干人],2千5-5千/月
贵池区杏花村小学,英语代课教师,"贵池区,经验不限,大专",[1人],1千5/月
贵池区杏花村小学,体育,"贵池区,经验不限,大专",[若干人],1千5/月
贵池区杏花村小学,小学语文、数学、英语,"贵池区,经验不限,本科",[若干人],1千5/月
安徽芯旭半导体有限公司,仓管员,"贵池区,经验不限,高中",[2人],面议
安徽芯旭半导体有限公司,工程技术员,"贵池区,经验不限,本科",[若干人],3千-6千/月
安徽芯旭半导体有限公司,普工,"贵池区,经验不限,初中",[若干人],3千-6千/月
安徽芯旭半导体有限公司,业务助理（内勤）,"贵池区,经验不限,大专",[1人],面议
安徽芯旭半导体有限公司,成本会计,"贵池区,经验不限,大专",[若干人],面议
安徽安芯电子科技股份有限公司,仓库管理员,"贵池区,经验不限,初中",[1人],面议
安徽安芯电子科技股份有限公司,设备维修,"贵池区,1-3年,高中",[2人],面议
安徽安芯电子科技股份有限公司,一线员工,"贵池区,经验不限,初中",[50人],3千-6千/月
安徽安芯电子科技股份有限公司,业务员,"贵池区,经验不限,大专",[1人],面议
安徽安芯电子科技股份有限公司,成本会计,"贵池区,5-10年,高中",[1人],面议
池州乐学教育咨询有限公司,广纳能人艺士,"贵池区/城区,经验不限,学历不限",[若干人],面议
池州乐学教育咨询有限公司,小学生全科辅导老师,"贵池区/城区,经验不限,学历不限",[若干人],面议
中科乐机器人教育中心,计算机教师,"贵池区/城区,经验不限,学历不限",[若干人],面议
安徽力成智能装备股份有限公司,财务经理,"贵池区,5-10年,大专",[1人],5千-1万/月
安徽力成智能装备股份有限公司,外贸主管,"贵池区,3-5年,大专",[1人],5千-8千/月
安徽力成智能装备股份有限公司,装配钳工,"贵池区,经验不限,高中",[若干人],4千-7千/月
安徽力成智能装备股份有限公司,平面设计,"贵池区,经验不限,学历不限",[若干人],3千-5千/月
安徽力成智能装备股份有限公司,加工中心，,"贵池区/城区,经验不限,学历不限",[若干人],2千5-3千/月
安徽力成智能装备股份有限公司,跟单员,"贵池区/城区,经验不限,学历不限",[若干人],2千5-3千/月
安徽力成智能装备股份有限公司,行政文员,"贵池区/城区,1年以下,中专",[若干人],2千5-3千/月
贵池区丽儿医美美容中心,美客学徒,"贵池区/城区,经验不限,学历不限",[若干人],1千-2千/月
贵池区丽儿医美美容中心,美容师,"贵池区/城区,经验不限,学历不限",[若干人],3千-6千/月
贵池区丽儿医美美容中心,店长,"贵池区/城区,经验不限,学历不限",[若干人],5千-1万/月
安徽云峰线缆工程有限公司,大客户宽带维护人员,"贵池区,1-3年,高中",[2人],3千-4千/月
安徽云峰线缆工程有限公司,宽带装维人员,"贵池区,经验不限,高中",[3人],3千-4千/月
安徽云峰线缆工程有限公司,中台调度人员,"贵池区,1-3年,高中",[1人],1千8-2千5/月
安徽云峰线缆工程有限公司,办公室调度,"贵池区/城区,1-3年,高中",[4人],2千/月
格林豪泰酒店（建设路店）,客房服务员,"贵池区/城区,经验不限,学历不限",[若干人],2千-3千/月
格林豪泰酒店（建设路店）,前台接待员,"贵池区/城区,经验不限,学历不限",[4人],面议
池州市百兴信息技术服务有限公司,通信设计,"贵池区/城区,经验不限,学历不限",[若干人],3千5-7千/月
安徽省池州市豪丰置业有限公司,文员,"贵池区,经验不限,中专",[若干人],面议
贵池区暖阳孕婴童用品店,店长,"贵池区/城区,经验不限,学历不限",[若干人],5千-1万/月
贵池区暖阳孕婴童用品店,销售导购,"贵池区/城区,经验不限,学历不限",[若干人],3千-6千/月
汇文教育,汇文教育诚聘初高中英语老师,"贵池区/城区,经验不限,学历不限",[若干人],3千-5千/月
汇文教育,汇文教育诚聘物理老师,"贵池区/城区,经验不限,学历不限",[若干人],面议
汇文教育,汇文教育诚聘数理化老师,"贵池区/城区,经验不限,学历不限",[若干人],3千-5千/月
汇文教育,晚作业理化老师,"贵池区/城区,经验不限,学历不限",[若干人],面议
汇文教育,汇文教育诚聘语文老师,"贵池区/城区,经验不限,学历不限",[若干人],3千-5千/月
池州世纪星网吧,收银员,"贵池区,经验不限,学历不限",[1人],面议
池州世纪星网吧,网咖保洁,"贵池区,经验不限,学历不限",[1人],面议
贵池区梦想房屋维修部,小工,"贵池区/城区,经验不限,学历不限",[若干人],面议
贵池区梦想房屋维修部,水电工,"贵池区/城区,经验不限,学历不限",[若干人],面议
池州市全发机械科技发展有限公司,炉前熔炼工、浇注工、造型工,"贵池区,经验不限,学历不限",[11人],面议
中国铁通池州分公司,文员，资料员,"贵池区,1-3年,大专",[3人],面议
中国铁通池州分公司,文员，资料员,"贵池区,1-3年,大专",[3人],2千5-3千/月
池州市秀山门博物馆,保洁员,"贵池区/城区,经验不限,学历不限",[若干人],面议
池州市秀山门博物馆,安保员,"贵池区/城区,经验不限,学历不限",[若干人],面议
美国怡口净水池州销售服务中心,小区业务员,"贵池区/城区,经验不限,学历不限",[若干人],3千-4千/月
美国怡口净水池州销售服务中心,市场经理（干股）,"贵池区/城区,经验不限,学历不限",[若干人],4千-7千/月
美国怡口净水池州销售服务中心,店长  1名（干股）,"贵池区/城区,1-3年,大专",[1人],4千-6千/月
美国怡口净水池州销售服务中心,大学生兼职,"贵池区/城区,经验不限,学历不限",[若干人],2千-3千9/月
合肥天石利,仓库文员,"贵池区/城区,经验不限,学历不限",[若干人],1千8-2千2/月
安徽互联广告传媒有限公司,销售代表,"贵池区/城区,经验不限,学历不限",[若干人],面议
中国银河证券股份有限公司池州石城大道证券营业部,客户经理岗,"贵池区,经验不限,大专",[5人],3千5-7千/月
中国银河证券股份有限公司池州石城大道证券营业部,理财经理岗,"贵池区,3-5年,本科",[1人],面议
平天湖风景区欧索莱生态家居经营部,室内装潢设计师,"贵池区,经验不限,学历不限",[1人],3千-4千/月
平天湖风景区欧索莱生态家居经营部,业务经理,"贵池区,3-5年,高中",[2人],2千-4千/月
欧尚装饰工程有限公司,家装项目经理,"贵池区,1-3年,学历不限",[2人],面议
欧尚装饰工程有限公司,室内装潢设计,"贵池区,经验不限,学历不限",[若干人],4千-8千/月
欧尚装饰工程有限公司,前台接待,"贵池区,经验不限,高中",[1人],2千5-5千/月
欧尚装饰工程有限公司,工程维修,"贵池区,1-3年,学历不限",[1人],面议
欧尚装饰工程有限公司,汉庭酒店保安,"贵池区/城区,经验不限,学历不限",[若干人],2千-2千2/月
欧尚装饰工程有限公司,酒店维修工,"贵池区,1-3年,学历不限",[若干人],2千5-4千/月
欧尚装饰工程有限公司,销售经理,"贵池区,1-3年,学历不限",[3人],2千-4千/月
欧尚装饰工程有限公司,电话销售,"贵池区,1-3年,学历不限",[3人],面议
池州振龙教育咨询有限公司,振龙聘初高中数理化英老师,"贵池区,经验不限,本科",[5人],4千-6千/月
池州振龙教育咨询有限公司,市场专员,"贵池区,经验不限,学历不限",[若干人],5千-1万/月
池州市天天快递代理点,客服前台,"贵池区/城区,经验不限,学历不限",[若干人],面议
池州万联电子工程有限公司,通信施工人员,"青阳县/县城,经验不限,学历不限",[若干人],面议
池州万联电子工程有限公司,通信工程,"贵池区/城区,经验不限,学历不限",[若干人],面议
池州万联电子工程有限公司,文员,"青阳县/县城,经验不限,学历不限",[若干人],面议
池州万联电子工程有限公司,项目经理,"贵池区/城区,经验不限,学历不限",[若干人],面议
池州市万众物业服务有限公司,保安,"贵池区/城区,经验不限,学历不限",[若干人],面议
池州市万众物业服务有限公司,保洁员,"贵池区/城区,经验不限,学历不限",[若干人],面议
南京千河房产经纪有限公司,售楼处置业顾问包住,"贵池区,经验不限,学历不限",[6人],5千-1万/月
池州骏升人力资源服务有限公司,普工,"贵池区/城区,经验不限,学历不限",[若干人],4千5-6千/月
池州骏升人力资源服务有限公司,电话客服,"贵池区,经验不限,高中",[20人],面议
池州骏升人力资源服务有限公司,销售,"贵池区/城区,经验不限,学历不限",[若干人],5千-8千/月
池州骏升人力资源服务有限公司,普工,"贵池区,经验不限,初中",[20人],3千-6千/月
池州骏升人力资源服务有限公司,仓库搬运员,"贵池区,经验不限,初中",[10人],4千-6千/月
池州骏升人力资源服务有限公司,室内设计,"贵池区,经验不限,学历不限",[1人],面议
池州骏升人力资源服务有限公司,电话销售,"贵池区,经验不限,大专",[2人],面议
池州骏升人力资源服务有限公司,质检,"贵池区/城区,经验不限,学历不限",[若干人],4千5-6千/月
池州港华燃气有限公司,食堂后勤,"贵池区,3-5年,初中",[1人],2千5-3千/月
池州港华燃气有限公司,门站操作工（青阳）,"青阳县,经验不限,高中",[2人],3千-3千5/月
池州港华燃气有限公司,紫荆安装员,"贵池区,1-3年,高中",[1人],面议
池州港华燃气有限公司,综合客服员（前江）,"贵池区,经验不限,中专",[1人],面议
池州港华燃气有限公司,LNG加气站加气工（青阳）,"青阳县,经验不限,学历不限",[若干人],面议
池州港华燃气有限公司,安检整改员,"贵池区,经验不限,高中",[1人],面议
池州市吉祥汽车销售服务有限公司,会计,"贵池区,3-5年,大专",[2人],3千-5千/月
池州市吉祥汽车销售服务有限公司,配件主管,"贵池区,3-5年,大专",[1人],4千-5千/月
池州春亚建材有限公司,操作工,"贵池区/城区,经验不限,学历不限",[若干人],4千5-5千5/月
池州春亚建材有限公司,主办会计,"贵池区/城区,经验不限,学历不限",[若干人],3千5-4千5/月
安徽好鲜生供应链管理有限公司,营业员,"贵池区,经验不限,学历不限",[2人],面议
池州市立木橱柜有限公司,实木橱柜渠道销售,"贵池区,1-3年,学历不限",[2人],面议
池州市立木橱柜有限公司,家具厂普工,"贵池区,经验不限,学历不限",[10人],3千-5千/月
池州市金摇篮孕婴用品经营店,导购,"贵池区/乡镇,经验不限,学历不限",[若干人],面议
池州市金摇篮孕婴用品经营店,店员,"贵池区/乡镇,经验不限,学历不限",[若干人],面议
千里马教育咨询,接送站辅导老师,"贵池区,经验不限,大专",[1人],面议
安徽嘉诺世纪地产投资顾问有限公司,置业顾问,"贵池区,经验不限,学历不限",[若干人],3千-6千/月
池州市慧创商贸有限公司,淘宝美工,"贵池区/城区,经验不限,学历不限",[若干人],3千-4千/月
池州市慧创商贸有限公司,淘宝美工,"贵池区/城区,经验不限,学历不限",[若干人],3千-4千/月
池州永达汽车贸易有限公司,文员,"贵池区,经验不限,学历不限",[若干人],面议
池州永达汽车贸易有限公司,文员/会计助理/出纳,"贵池区,1-3年,学历不限",[1人],2千-4千/月
东至亚安口腔,网络专员,"东至县,经验不限,大专",[2人],3千-5千/月
东至亚安口腔,护士,"东至县,经验不限,中专",[5人],3千-5千/月
东至亚安口腔,客服,"东至县,经验不限,高中",[5人],3千-5千/月
东至亚安口腔,助理医师/学校毕业生,"东至县,经验不限,大专",[5人],5千-1万/月
东至亚安口腔,执业医师/主治医师,"东至县,经验不限,大专",[5人],面议
东至亚安口腔,总经理助理,"东至县,1-3年,大专",[1人],5千-1万/月
东至亚安口腔,前台,"东至县,经验不限,高中",[5人],3千-5千/月
东至亚安口腔,市场专员,"东至县,经验不限,高中",[5人],面议
安徽征圣智能科技有限公司,销售部经理,"贵池区,3-5年,本科",[2人],面议
安徽征圣智能科技有限公司,业务员,"贵池区,经验不限,大专",[4人],面议
安徽征圣智能科技有限公司,网络管理员,"贵池区,1-3年,大专",[1人],2千8-3千5/月
安徽征圣智能科技有限公司,高低压电工（安装工）,"贵池区,1-3年,中专",[4人],面议
安徽征圣智能科技有限公司,软件工程师,"贵池区,1-3年,本科",[1人],5千-8千/月
安徽永利纺织科技有限公司,统计,"贵池区/乡镇,经验不限,学历不限",[若干人],3千-3千5/月
安徽永利纺织科技有限公司,仓库保管员,"贵池区/乡镇,经验不限,学历不限",[若干人],2千5/月
安徽永利纺织科技有限公司,叉车师傅,"贵池区/乡镇,经验不限,学历不限",[若干人],4千-4千5/月
安徽永利纺织科技有限公司,出纳,"贵池区/乡镇,经验不限,学历不限",[若干人],3千-3千5/月
安徽永利纺织科技有限公司,办公室文员,"贵池区/乡镇,经验不限,学历不限",[若干人],3千-4千5/月
池州瑞华商务咨询服务有限公司,市场专员,"贵池区,经验不限,学历不限",[1人],面议
池州瑞华商务咨询服务有限公司,文案策划,"贵池区,经验不限,本科",[1人],面议
安徽力合电力建设有限公司,会计,"贵池区/城区,经验不限,学历不限",[若干人],3千-4千5/月
安徽力合电力建设有限公司,电力工程预算员,"贵池区/城区,经验不限,学历不限",[若干人],面议
安徽力合电力建设有限公司,工程预算员,"贵池区/城区,经验不限,学历不限",[若干人],面议
安徽力合电力建设有限公司,会计,"贵池区/城区,经验不限,学历不限",[若干人],面议
池州市美佳装饰工程有限公司,销售,"贵池区,经验不限,学历不限",[10人],3千-5千/月
池州市赛格电脑科技服务中心,移动宽带装维经理,"贵池区/城区,经验不限,学历不限",[若干人],面议
池州市华诚知识产权事务有限公司,行政文员,"贵池区,经验不限,大专",[1人],面议
池州市华诚知识产权事务有限公司,知识产权顾问,"贵池区,经验不限,大专",[3人],面议
池州市华诚知识产权事务有限公司,法律专员,"贵池区,经验不限,本科",[1人],面议
池州市华诚知识产权事务有限公司,专利工程师或专利代理助理,"贵池区,经验不限,本科",[2人],面议
安徽凌飞农林发展有限公司,策划美工,"贵池区,1-3年,本科",[若干人],2千5-5千/月
安徽凌飞农林发展有限公司,切配师傅,"贵池区,经验不限,学历不限",[若干人],3千-4千/月
安徽凌飞农林发展有限公司,服务员,"贵池区,经验不限,学历不限",[若干人],3千-4千/月
安徽凌飞农林发展有限公司,工程部主管,"贵池区,经验不限,学历不限",[若干人],9千-1万/月
安徽凌飞农林发展有限公司,餐饮服务员,"贵池区/城区,经验不限,高中",[若干人],2千5-3千/月
安徽皖信人力资源管理有限公司池州分公司,人事客服,"贵池区,1-3年,大专",[1人],面议
池州宇和置业有限公司,前台管理、保安人员,"贵池区,经验不限,学历不限",[3人],面议
池州中诚保安服务有限公司,保安,"贵池区/城区,经验不限,学历不限",[若干人],1千8-2千6/月
池州中诚保安服务有限公司,保安,"贵池区/城区,经验不限,初中",[3人],1千8-2千6/月
池州中诚保安服务有限公司,保安人员,"贵池区,1年以下,初中",[3人],面议
池州中诚保安服务有限公司,保安,"贵池区,1年以下,初中",[3人],面议
安徽金砂环保科技有限公司,铲车驾驶员,"贵池区/城区,经验不限,学历不限",[若干人],面议
安徽金砂环保科技有限公司,普工,"贵池区,经验不限,初中",[若干人],3千-6千/月
安徽金砂环保科技有限公司,车间主任,"贵池区,经验不限,学历不限",[2人],面议
安徽金砂环保科技有限公司,保洁员,"贵池区,经验不限,学历不限",[若干人],面议
池州淘车无忧汽车管理服务有限公司,市场车源,"贵池区/城区,经验不限,学历不限",[若干人],2千5-4千/月
池州淘车无忧汽车管理服务有限公司,销售,"贵池区,经验不限,高中",[10人],2千5-5千/月
安徽林杰建筑工程有限公司,二级市政建造师,"贵池区/城区,经验不限,学历不限",[若干人],面议
九华天池风景区,水电工,"贵池区,3-5年,学历不限",[1人],面议
九华天池风景区,驾驶员,"贵池区,3-5年,学历不限",[若干人],2千-2千3/月
九华天池风景区,前台售票,"贵池区/乡镇,经验不限,高中",[2人],2千2/月
九华天池风景区,景区讲解员,"贵池区/乡镇,经验不限,高中",[10人],3千-4千/月
九华天池风景区,旅行社计调,"贵池区/乡镇,1-3年,大专",[2人],2千8-3千/月
北京外企人力资源服务安徽分公司,客服岗位,"贵池区,经验不限,大专",[40人],3千-5千/月
池州市贵池区文博课外教育中心有限公司,钢笔字老师,"贵池区/城区,经验不限,学历不限",[若干人],面议
池州市贵池区文博课外教育中心有限公司,语数英老师,"贵池区/城区,经验不限,学历不限",[若干人],面议
池州市贵池区文博课外教育中心有限公司,高薪诚聘语数英物化教师,"贵池区/城区,经验不限,学历不限",[若干人],2千5-5千/月
池州市贵池区文博课外教育中心有限公司,语数英物化教师,"贵池区/城区,经验不限,学历不限",[若干人],面议
贵池区祥记烤鸭店,大堂经理，服务员，传菜员，勤杂工等,"贵池区,经验不限,学历不限",[若干人],3千-5千/月
安徽上恒电气成套设备有限公司,急招 电气工程师 PLC编程员,"贵池区,3-5年,大专",[2人],3千5-7千/月
安徽上恒电气成套设备有限公司,文员,"贵池区,经验不限,大专",[1人],2千5-3千3/月
安徽升辉检测有限公司,防雷检测和会计,"贵池区/城区,经验不限,学历不限",[若干人],面议
安徽升辉检测有限公司,防雷检测,"贵池区/城区,经验不限,学历不限",[若干人],3千-5千/月
安徽升辉检测有限公司,业务经理,"贵池区/城区,经验不限,学历不限",[若干人],面议
安徽升辉检测有限公司,防雷检测,"贵池区/城区,经验不限,学历不限",[若干人],3千-6千/月
池州市智天下信息技术服务有限公司,无责底薪客服专员,"贵池区,经验不限,学历不限",[20人],3千-5千/月
池州九华光学仪器有限公司,业务经理助理,"贵池区/城区,经验不限,大专",[1人],3千-5千/月
池州九华光学仪器有限公司,采购,"贵池区,经验不限,学历不限",[1人],3千-5千/月
池州美佳财务咨询有限公司,发传单扫码,"贵池区/城区,经验不限,学历不限",[若干人],面议
池州美佳财务咨询有限公司,艺考招生老师,"贵池区/城区,经验不限,学历不限",[若干人],2千8-5千/月
池州美佳财务咨询有限公司,客服咨询老师,"贵池区/城区,经验不限,学历不限",[2人],2千-3千/月
中国太平洋财产保险股份有限公司池州中心支公司,综合内勤,"青阳县,1-3年,大专",[1人],4千-6千/月
中国太平洋财产保险股份有限公司池州中心支公司,个代组训,"青阳县,经验不限,大专",[1人],5千-8千/月
安徽省池州市海峡假日酒店有限公司,前台收银员,"贵池区/城区,经验不限,高中",[若干人],2千6-3千5/月
安徽省池州市海峡假日酒店有限公司,店员,"贵池区,经验不限,学历不限",[若干人],面议
安徽省池州市海峡假日酒店有限公司,餐厅区域卫生大姐,"贵池区,经验不限,学历不限",[若干人],1千8-1千9/月
安徽省池州市海峡假日酒店有限公司,客房部保洁大姐,"贵池区/城区,经验不限,学历不限",[若干人],1千8-1千9/月
池州市艺轩广告经营部,广告设计,"贵池区/城区,经验不限,学历不限",[若干人],面议
安徽茶溪建设开发有限公司青阳县茶溪小镇酒店,财务主管,"青阳县,经验不限,学历不限",[2人],面议
安徽茶溪建设开发有限公司青阳县茶溪小镇酒店,前厅接待,"贵池区,经验不限,学历不限",[若干人],2千3-2千6/月
安徽茶溪建设开发有限公司青阳县茶溪小镇酒店,餐饮部厨师长,"青阳县,1-3年,学历不限",[1人],面议
安徽茶溪建设开发有限公司青阳县茶溪小镇酒店,水电工,"青阳县,1-3年,学历不限",[若干人],面议
安徽茶溪建设开发有限公司青阳县茶溪小镇酒店,餐厅传菜生,"青阳县,经验不限,学历不限",[若干人],面议
安徽文星人力资源服务有限公司,行政文员,"贵池区/城区,经验不限,学历不限",[若干人],2千-3千/月
安徽文星人力资源服务有限公司,行政文员,"贵池区,经验不限,大专",[2人],2千-3千/月
安徽泰润公路工程有限公司,工程师,"贵池区,1-3年,大专",[2人],面议
池州市房天下房产经纪有限公司,房产经纪人,"贵池区,经验不限,学历不限",[若干人],面议
池州市房天下房产经纪有限公司,二手房售后,"贵池区/城区,经验不限,学历不限",[若干人],面议
池州市房天下房产经纪有限公司,销售经理,"贵池区,1-3年,学历不限",[5人],1万-2万/月
池州市房天下房产经纪有限公司,销售,"贵池区,经验不限,学历不限",[20人],5千-8千/月
瑶池足道,服务员,"贵池区/城区,经验不限,学历不限",[若干人],2千8-3千/月
瑶池足道,客服主管,"贵池区/城区,经验不限,学历不限",[若干人],2千8-5千6/月
池州市太阳岛教育,小学作文,"贵池区,经验不限,学历不限",[若干人],3千-6千/月
池州市太阳岛教育,英语教师,"贵池区,经验不限,学历不限",[若干人],3千-6千/月
安徽中讯华图教育文化发展有限公司,渠道专员,"贵池区,经验不限,本科",[3人],面议
安徽中讯华图教育文化发展有限公司,咨询师,"贵池区/城区,经验不限,大专",[3人],面议
池州上韵文化传媒有限公司,文案,"贵池区/城区,经验不限,学历不限",[若干人],面议
池州上韵文化传媒有限公司,微信公众号维护,"贵池区/城区,经验不限,学历不限",[若干人],面议
池州市鼎峰网络科技有限公司,网页设计/制作,"贵池区/城区,1-3年,大专",[4人],2千5-5千/月
池州市鼎峰网络科技有限公司,淘宝美工,"贵池区/城区,经验不限,学历不限",[4人],2千-4千/月
池州市鼎峰网络科技有限公司,淘宝店铺运营,"贵池区,1-3年,大专",[1人],3千-6千/月
池州市鼎峰网络科技有限公司,店铺推广,"贵池区,1-3年,学历不限",[2人],2千-4千/月
池州市捷运彩票营销策划有限公司,销售员,"贵池区,经验不限,学历不限",[1人],面议
合肥道远通信工程有限公司,网络工程师,"贵池区,经验不限,大专",[2人],面议
合肥道远通信工程有限公司,施工人员,"贵池区/城区,经验不限,学历不限",[2人],面议
池州众丰现代农业发展有限公司,驾驶员,"贵池区,经验不限,学历不限",[1人],面议
池州众丰现代农业发展有限公司,铲车工,"贵池区,1-3年,学历不限",[5人],3千5-5千/月
池州百信医院,药房药师,"贵池区,经验不限,大专",[若干人],面议
池州百信医院,各科室医师,"贵池区,1-3年,本科",[16人],面议
池州百信医院,收费员,"贵池区,经验不限,学历不限",[6人],面议
池州百信医院,办公室文员,"贵池区,经验不限,大专",[若干人],面议
池州百信医院,企宣文案,"贵池区,经验不限,学历不限",[1人],面议
池州百信医院,前台接待,"贵池区,经验不限,学历不限",[若干人],面议
池州百信医院,护士,"贵池区,1-3年,大专",[若干人],面议
池州百信医院,护士长,"贵池区,1年以下,大专",[若干人],面议
安徽大匠建设工程有限公司,招二级水利建造师.   市政建造师,"贵池区,1-3年,中专",[5人],面议
安徽大匠建设工程有限公司,工程预算员,"贵池区,3-5年,大专",[5人],面议
安徽大匠建设工程有限公司,工程预算员,"贵池区,经验不限,学历不限",[若干人],面议
高生源蜂业,打包工 办公室人员,"贵池区,3-5年,高中",[5人],2千5-3千/月
高生源蜂业,包装工数名,"贵池区,经验不限,高中",[2人],面议
高生源蜂业,办公室客服人员一名,"贵池区,经验不限,大专",[若干人],2千5-3千/月
高生源蜂业,招聘淘宝美工，客服，运营等职位,"贵池区,经验不限,学历不限",[10人],2千-3千5/月
高生源蜂业,招聘淘宝客服，美工，运营,"贵池区,经验不限,大专",[5人],2千5-5千/月
池州智汇紫牛人才服务有限公司,项目咨询师,"贵池区,1-3年,大专",[8人],5千-6千/月
池州智汇紫牛人才服务有限公司,环境技术人员,"贵池区,1-3年,本科",[10人],6千-8千/月
池州徐园生态酒店管理有限公司,服务员,"贵池区,经验不限,学历不限",[若干人],2千-3千/月
池州徐园生态酒店管理有限公司,销售经理,"贵池区,经验不限,学历不限",[若干人],4千-5千/月
池州富林汽车销售有限公司,维修师傅,"贵池区,经验不限,学历不限",[若干人],面议
池州富林汽车销售有限公司,文员,"贵池区,经验不限,学历不限",[若干人],面议
安徽璟辰建筑设计,设计师及设计学员,"贵池区,经验不限,学历不限",[6人],3千-6千/月
安徽璟辰建筑设计,客服,"贵池区,经验不限,学历不限",[6人],3千-5千/月
池州市贵池区至诚科技服务中心,技术员,"贵池区,经验不限,学历不限",[若干人],面议
海上天足浴会所,技师部部长,"贵池区/城区,经验不限,学历不限",[若干人],面议
海上天足浴会所,足疗技师,"贵池区/城区,经验不限,学历不限",[若干人],5千-1万/月
海上天足浴会所,服务员,"贵池区/城区,经验不限,学历不限",[若干人],1千8-3千2/月
池州山水间醉里头微酒店有限公司,前台,"贵池区,经验不限,中专",[2人],面议
池州山水间醉里头微酒店有限公司,客房服务员,"贵池区,经验不限,初中",[2人],2千2-2千5/月
池州山水间醉里头微酒店有限公司,保洁员,"贵池区,经验不限,学历不限",[2人],2千2-2千5/月
池州山水间醉里头微酒店有限公司,厨娘,"贵池区,经验不限,学历不限",[2人],2千-2千5/月
池州山水间醉里头微酒店有限公司,住店管家,"贵池区,经验不限,学历不限",[2人],面议
池州市开晨商贸有限公司,股票交易员,"贵池区/城区,经验不限,学历不限",[若干人],面议
池州华奔汽贸有限公司,销售顾问,"贵池区,经验不限,学历不限",[1人],面议
池州华奔汽贸有限公司,销售经理,"贵池区,经验不限,学历不限",[1人],面议
思必克教育,培训机构老师,"贵池区,经验不限,大专",[2人],面议
北京聚才振邦企业管理顾问有限公司,档案整理员,"贵池区,经验不限,高中",[20人],2千6-4千/月
安徽天胜大药房连锁有限公司,营业员,"贵池区,经验不限,中专",[20人],2千5-4千/月
池州山立分子筛有限公司,工厂管理人员,"贵池区/乡镇,3-5年,大专",[3人],3千5-6千/月
池州山立分子筛有限公司,高薪诚聘机修,"贵池区,经验不限,学历不限",[2人],面议
池州山立分子筛有限公司,电工,"贵池区/乡镇,1-3年,高中",[2人],3千5-5千/月
池州山立分子筛有限公司,工艺技术员,"贵池区/乡镇,1-3年,大专",[3人],3千5-4千5/月
池州山立分子筛有限公司,高薪急聘夫妻档普工,"贵池区/乡镇,经验不限,学历不限",[6人],3千5-4千5/月
池州山边徐农业发展有限公司,餐厅领班,"贵池区,经验不限,学历不限",[若干人],3千-4千/月
池州山边徐农业发展有限公司,服务员,"贵池区,经验不限,学历不限",[若干人],2千8-3千5/月
池州山边徐农业发展有限公司,餐饮销售顾问,"贵池区,经验不限,学历不限",[若干人],3千-4千/月
池州山边徐农业发展有限公司,厨师,"贵池区,经验不限,学历不限",[若干人],6千-7千/月
池州山边徐农业发展有限公司,后厨行政主管,"贵池区,1-3年,高中",[1人],4千-5千/月
池州市善福文化传媒有限公司,高兴诚聘前台接待,"贵池区,经验不限,学历不限",[若干人],2千5-5千/月
池州市善福文化传媒有限公司,汽车销售,"贵池区,经验不限,学历不限",[若干人],5千-8千/月
池州二亮建筑装饰工程有限公司,客服部经理,"贵池区/城区,经验不限,学历不限",[若干人],面议
池州二亮建筑装饰工程有限公司,诚聘应届生实习设计师,"贵池区,经验不限,高中",[若干人],面议
池州二亮建筑装饰工程有限公司,工程质检,"贵池区/城区,经验不限,学历不限",[若干人],面议
池州二亮建筑装饰工程有限公司,高新诚聘客服 销售,"贵池区,经验不限,高中",[15人],面议
池州二亮建筑装饰工程有限公司,客服 销售,"贵池区,无经验,大专",[10人],3千-5千/月
池州初润电子商务有限公司,电商仓库管理员,"贵池区,3-5年,高中",[2人],3千-5千/月
池州初润电子商务有限公司,淘宝主播,"贵池区,经验不限,学历不限",[1人],面议
池州初润电子商务有限公司,电子商务在线客服,"贵池区/城区,1-3年,大专",[2人],2千-3千/月
池州初润电子商务有限公司,天猫美工,"贵池区/城区,3-5年,大专",[1人],3千-5千/月
粥小宝粥铺,淘宝美工设计师,"贵池区/城区,经验不限,学历不限",[若干人],2千6-4千5/月
安徽路迈尔环境科技有限公司,电话销售,"贵池区,经验不限,学历不限",[若干人],5千-1万/月
贵池区明朗花店,文员,"贵池区/城区,经验不限,学历不限",[若干人],面议
安徽四禾文化传媒有限公司,文员,"贵池区/城区,经验不限,学历不限",[若干人],3千-4千/月
安徽四禾文化传媒有限公司,平面设计师/美工,"贵池区/城区,经验不限,学历不限",[若干人],3千-6千/月
安徽省池州市翠微酒业有限公司,驾驶员,"贵池区,1-3年,高中",[2人],2千2-3千/月
池州恋家建材店,营业员,"贵池区/城区,经验不限,学历不限",[若干人],2千-4千/月
池州恋家建材店,导购员,"贵池区/城区,经验不限,学历不限",[若干人],2千-4千/月
童乐体育有限公司,体能教练员,"贵池区/城区,经验不限,学历不限",[若干人],3千-6千/月
童乐体育有限公司,体智能哥哥,"贵池区/城区,经验不限,学历不限",[若干人],3千5-7千/月
伊晗母婴销售中心,市场维护,"贵池区,1-3年,学历不限",[3人],2千5-5千/月
中国人保财险池州市分公司,人保电话续保专员,"贵池区,经验不限,大专",[3人],面议
安徽德斯兰卡铝业科技有限公司,电销业务员,"贵池区,经验不限,大专",[5人],面议
安徽德斯兰卡铝业科技有限公司,销售客服专员,"贵池区,经验不限,学历不限",[10人],4千-6千/月
池州市凤园电子商务有限公司,急聘电商运营/美工/客服,"贵池区/城区,经验不限,学历不限",[20人],3千-5千/月
池州市凤园电子商务有限公司,电商会计,"贵池区,经验不限,大专",[1人],2千8-5千/月
池州市凤园电子商务有限公司,招应届毕业生（客服，美工，运营）,"贵池区/城区,经验不限,学历不限",[20人],面议
池州市凤园电子商务有限公司,淘宝主播,"贵池区,经验不限,学历不限",[1人],3千-5千/月
池州市凤园电子商务有限公司,电商客服,"贵池区,1-3年,高中",[1人],2千8-5千/月
安徽艾可蓝环保股份有限公司,人事专员,"贵池区,经验不限,学历不限",[若干人],面议
安徽艾可蓝环保股份有限公司,工艺工程师,"贵池区,经验不限,学历不限",[若干人],面议
安徽艾可蓝环保股份有限公司,应用工程师,"贵池区,经验不限,学历不限",[若干人],面议
安徽艾可蓝环保股份有限公司,试验工程师,"贵池区,经验不限,学历不限",[若干人],面议
安徽艾可蓝环保股份有限公司,标定工程师,"贵池区,经验不限,学历不限",[若干人],面议
贵池区攀成钢小郡肝串串香店,服务员,"贵池区,经验不限,学历不限",[若干人],2千4-3千/月
安徽正德人力资源咨询有限公司池州分公司,移动客服,"贵池区,经验不限,学历不限",[若干人],2千-4千/月
安徽正德人力资源咨询有限公司池州分公司,移动宽带装维员,"贵池区,经验不限,学历不限",[若干人],3千-5千/月
安徽正德人力资源咨询有限公司池州分公司,移动客户经理,"贵池区,经验不限,学历不限",[若干人],2千2-4千/月
池州酷购文化传媒有限公司,市场运营,"贵池区,经验不限,学历不限",[10人],面议
安徽人人新能源汽车销售服务有限公司,销售顾问,"贵池区/城区,经验不限,学历不限",[若干人],面议
龙鼎装饰,主案设计师,"贵池区/城区,经验不限,学历不限",[若干人],3千-6千/月
合肥星空投资管理有限公司池州分公司,客户经理,"贵池区,1年以下,大专",[2人],面议
合肥星空投资管理有限公司池州分公司,内容编辑,"贵池区,1年以下,大专",[1人],2千5-5千/月
安徽尚豪齿轮科技有限公司,销售助理,"贵池区/城区,经验不限,学历不限",[若干人],面议
安徽尚豪齿轮科技有限公司,质检员,"贵池区,经验不限,学历不限",[若干人],面议
安徽尚豪齿轮科技有限公司,采购员,"贵池区,经验不限,学历不限",[若干人],面议
安徽尚豪齿轮科技有限公司,组装工,"贵池区,经验不限,学历不限",[若干人],面议
安徽尚豪齿轮科技有限公司,CNC机床操作工,"贵池区,经验不限,学历不限",[6人],面议
安徽朗盛电力科技有限公司,主办会计,"贵池区/城区,经验不限,学历不限",[若干人],面议
安徽朗盛电力科技有限公司,电气成套组装技术人员,"贵池区,经验不限,大专",[4人],2千5-5千/月
安徽朗盛电力科技有限公司,电气成套组装技术人员,"贵池区/城区,经验不限,学历不限",[若干人],2千5-5千/月
池州市光影传奇文化传媒有限公司,网络推广员,"贵池区,经验不限,高中",[3人],2千5-5千/月
池州市光影传奇文化传媒有限公司,网络主播,"贵池区,经验不限,学历不限",[若干人],面议
池州市光影传奇文化传媒有限公司,主播5000+,"贵池区,经验不限,学历不限",[50人],3千-6千/月
南京腾文工程咨询有限公司,二级建造师,"贵池区,经验不限,学历不限",[若干人],面议
南京腾文工程咨询有限公司,中级职称,"贵池区,经验不限,学历不限",[若干人],面议
池州市九华社会工作服务中心,项目主管1名/方案文员4名/见习岗位1名,"贵池区/城区,1-3年,大专",[4人],3千-5千/月
梅街镇刘街卫生院,医生,"贵池区,1-3年,学历不限",[2人],面议
梅街镇刘街卫生院,护士,"贵池区,1-3年,大专",[2人],面议
池州市汇景幼儿园,池州市汇景幼儿园招聘幼师,"贵池区,经验不限,学历不限",[若干人],面议
铭仕娱乐中心,台球会所主管,"贵池区/城区,经验不限,学历不限",[若干人],面议
池州伊人梦婚纱摄影,前台接待,"贵池区,经验不限,高中",[5人],面议
池州伊人梦婚纱摄影,门市销售,"贵池区,经验不限,高中",[5人],面议
安徽鼎立工程机械科技有限公司,出纳,"贵池区,1-3年,大专",[1人],面议
池州市纵横房地产经纪有限公司,房产经纪人,"贵池区/城区,1-3年,中专",[10人],面议
池州市纵横房地产经纪有限公司,文员（    池州市房地产经纪行业协会代招）,"贵池区,1-3年,大专",[1人],2千2/月
池州市纵横房地产经纪有限公司,策划执行、招商专员、置业顾问,"贵池区/城区,经验不限,学历不限",[5人],2千-4千/月
安徽金水建筑工程有限公司,房建二级建造师,"贵池区,经验不限,大专",[2人],面议
池州市踏歌舞蹈艺术培训有限公司,课程顾问,"贵池区/城区,经验不限,学历不限",[若干人],面议
池州市邦鼐机电科技有限公司,质量工程师,"贵池区/乡镇,经验不限,学历不限",[若干人],3千5-5千/月
池州市邦鼐机电科技有限公司,机械工程师,"贵池区/乡镇,经验不限,学历不限",[若干人],3千5-5千/月
池州市邦鼐机电科技有限公司,内外圆磨工,"贵池区/城区,经验不限,学历不限",[若干人],2千5-5千/月
池州市邦鼐机电科技有限公司,加工中心操作工,"贵池区/城区,经验不限,学历不限",[若干人],2千5-5千/月
池州市邦鼐机电科技有限公司,绘图员,"贵池区/城区,1-3年,学历不限",[若干人],2千5-5千/月
池州市鑫荣房地产经济有限公司,项目策划,"贵池区,经验不限,本科",[若干人],3千-5千/月
池州市鑫荣房地产经济有限公司,项目专员,"贵池区,经验不限,本科",[5人],3千-5千/月
平天湖风景区悦容汇美容中心,店长,"贵池区,3-5年,学历不限",[2人],6千-1万2/月
平天湖风景区悦容汇美容中心,美容师,"贵池区,经验不限,学历不限",[10人],4千-8千/月
上海赏远置业有限公司,案场销售,"青阳县,经验不限,学历不限",[10人],3千5-7千/月
上海赏远置业有限公司,策划助理,"青阳县,经验不限,大专",[2人],4千-8千/月
东至房地产开发有限公司,销售顾问/高级销售顾问,"青阳县,经验不限,大专",[20人],5千-1万/月
东至房地产开发有限公司,行政专员,"青阳县,经验不限,大专",[若干人],3千5-6千/月
贵州卡布国际护理品营销有限公司,驻地业务员,"青阳县,1-3年,学历不限",[2人],2千1-4千/月
贵州卡布国际护理品营销有限公司,驻地业务员,"贵池区,1-3年,学历不限",[2人],2千1-4千/月
贵州卡布国际护理品营销有限公司,驻地业务员,"东至县,1-3年,学历不限",[若干人],2千1-4千/月
安徽黄埔驾驶培训有限公司,公司文案,"贵池区,1-3年,大专",[1人],3千5-5千/月
安徽黄埔驾驶培训有限公司,教练员,"贵池区,3-5年,中专",[5人],面议
池州云之舞艺术中心,中国舞老师（全职兼职皆可）,"贵池区,经验不限,学历不限",[若干人],面议
慕蓝卡烘焙坊,导购员,"贵池区/城区,经验不限,学历不限",[若干人],面议
慕蓝卡烘焙坊,学徒,"贵池区/城区,经验不限,学历不限",[若干人],面议
慕蓝卡烘焙坊,学徒,"贵池区/城区,经验不限,学历不限",[若干人],面议
慕蓝卡烘焙坊,导购员,"贵池区/城区,经验不限,学历不限",[若干人],2千-3千/月
池州市同辉旅馆有限公司,前台收银,"贵池区/城区,经验不限,学历不限",[若干人],面议
池州市同辉旅馆有限公司,烧饭阿姨,"贵池区/城区,经验不限,学历不限",[若干人],2千-3千/月
池州市同辉旅馆有限公司,招聘前台,"贵池区/城区,经验不限,学历不限",[若干人],面议
池州市同辉旅馆有限公司,招聘PA大姐,"贵池区/城区,经验不限,学历不限",[若干人],面议
池州市同辉旅馆有限公司,招聘前台接待,"贵池区/城区,经验不限,学历不限",[若干人],2千5-5千/月
池州名文教育咨询有限公司,校区主管/执行校长,"贵池区,经验不限,学历不限",[1人],面议
池州名文教育咨询有限公司,诚聘幼/少儿英语老师,"贵池区,经验不限,大专",[6人],4千-6千/月
安徽高升建筑安装工程有限公司,建造师、监理工程师,"青阳县,经验不限,学历不限",[若干人],面议
安徽蓝沃克环保科技有限公司,维修电工,"贵池区/乡镇,经验不限,学历不限",[若干人],面议
池州正万护栏有限公司,电商运营,"贵池区,经验不限,学历不限",[若干人],面议
池州正万护栏有限公司,电子商务运营若干名,"贵池区,经验不限,学历不限",[若干人],面议
安徽当代九开置业有限公司,权证主管,"青阳县,1-3年,大专",[若干人],5千-7千/月
安徽当代九开置业有限公司,销售主管,"青阳县,5-10年,高中",[1人],面议
安徽当代九开置业有限公司,报建主管,"青阳县,1-3年,大专",[若干人],6千-9千/月
安徽当代九开置业有限公司,设计实习生,"青阳县,经验不限,本科",[若干人],2千-2千5/月
安徽当代九开置业有限公司,置业顾问/房产销售,"青阳县,经验不限,学历不限",[若干人],4千5-9千/月
池州市栋豪摩托车有限公司,电脑操作员,"贵池区/城区,经验不限,学历不限",[若干人],2千5-3千/月
池州市栋豪摩托车有限公司,驾驶员,"贵池区/城区,经验不限,学历不限",[若干人],3千-4千/月
池州市栋豪摩托车有限公司,导购员,"贵池区/城区,经验不限,学历不限",[若干人],2千5-3千/月
池州市栋豪摩托车有限公司,电脑操作员,"贵池区/城区,经验不限,学历不限",[若干人],面议
池州有米网络科技有限公司,人事专员,"贵池区/城区,经验不限,学历不限",[若干人],面议
池州有米网络科技有限公司,文员,"贵池区/城区,经验不限,学历不限",[若干人],3千-5千/月
池州有米网络科技有限公司,文员,"贵池区/城区,经验不限,学历不限",[若干人],3千-5千/月
池州祥云装饰有限公司,设计师,"贵池区/城区,经验不限,学历不限",[若干人],3千-5千/月
池州祥云装饰有限公司,导购员/销售经理,"贵池区/城区,经验不限,学历不限",[若干人],面议
池州祥云装饰有限公司,市场经理,"贵池区/城区,经验不限,学历不限",[若干人],3千-6千/月
池州祥云装饰有限公司,销售经理,"贵池区/城区,经验不限,学历不限",[若干人],2千5-4千/月
池州市瑞德贸易有限公司,区域经理,"贵池区/城区,经验不限,学历不限",[若干人],面议
池州飞鸣网络科技发展有限责任公司,电脑技术员,"贵池区,经验不限,学历不限",[5人],2千5-4千/月
池州现代电子工程有限公司,技术员,"贵池区,经验不限,高中",[若干人],3千-5千/月
安徽省金盛磷铜科技有限公司,会计,"贵池区,经验不限,学历不限",[若干人],面议
安徽省金盛磷铜科技有限公司,出纳,"贵池区,3-5年,学历不限",[1人],面议
安徽省金盛磷铜科技有限公司,办公室文员,"贵池区,经验不限,大专",[2人],面议
安徽省金盛磷铜科技有限公司,业务员,"贵池区,经验不限,大专",[2人],面议
安徽省金盛磷铜科技有限公司,普工,"贵池区,经验不限,学历不限",[5人],面议
池州融达汽车销售服务有限公司,车贷业务员,"贵池区/城区,经验不限,学历不限",[若干人],面议
中国十七冶集团有限公司池州海螺项目部,土建资料员,"贵池区/乡镇,经验不限,学历不限",[若干人],4千-4千5/月
中国十七冶集团有限公司池州海螺项目部,土建技术员,"贵池区/乡镇,经验不限,学历不限",[若干人],4千-5千/月
安徽九华山旅游发展股份有限公司池州九之旅旅行社,业务员、导游员,"九华山,经验不限,学历不限",[若干人],面议
安徽九华山旅游发展股份有限公司池州九之旅旅行社,九华旅游高铁服务中心业务员,"贵池区,经验不限,本科",[1人],面议
安徽九华山旅游发展股份有限公司池州九之旅旅行社,导游员,"九华山,经验不限,学历不限",[若干人],面议
安徽九华山旅游发展股份有限公司池州九之旅旅行社,业务员,"九华山,经验不限,学历不限",[若干人],面议
黄厨匠酒店,服务员,"贵池区/城区,经验不限,学历不限",[若干人],面议
黄厨匠酒店,店长,"贵池区/城区,经验不限,学历不限",[若干人],4千-6千/月
广州鑫悍克商贸有限公司,建筑工程师,"贵池区,10年以上,大专",[若干人],面议
广州鑫悍克商贸有限公司,中级道桥工程师,"贵池区,10年以上,大专",[5人],面议
池州市萍缘堂食品商行,保健食品销售专员,"贵池区/城区,经验不限,学历不限",[若干人],面议
池州市萍缘堂食品商行,销售代表,"贵池区/城区,经验不限,学历不限",[若干人],3千-6千/月
池州康有保网络科技有限公司,平面设计,"贵池区,经验不限,学历不限",[若干人],2千5-5千/月
池州康有保网络科技有限公司,文案编辑,"贵池区,经验不限,学历不限",[若干人],2千5-4千/月
池州市睿通电子,文員,"贵池区,无经验,高中",[1人],面议
池州市睿通电子,信息技术员,"贵池区,经验不限,高中",[1人],3千/月
贵池区莱客假日宾馆,前台收银,"贵池区,经验不限,学历不限",[1人],面议
贵池卡贝形象设计理发店,美发,"贵池区/城区,经验不限,学历不限",[若干人],2千5-5千/月
贵池卡贝形象设计理发店,美发,"贵池区/城区,经验不限,学历不限",[若干人],0千9-1千8/月
池州云益诺网络科技有限公司,市场推广专员,"贵池区,经验不限,学历不限",[20人],2千-4千/月
池州云益诺网络科技有限公司,营销企划经理,"贵池区,3-5年,本科",[1人],5千-1万/月
池州市康诺大药房,护士,"贵池区/城区,经验不限,学历不限",[若干人],2千-4千/月
池州市天娱文化传媒有限公司,网络主播,"贵池区,经验不限,学历不限",[若干人],3千-6千/月
池州电信三台山代办点,电信营业厅营业员,"贵池区/城区,经验不限,学历不限",[若干人],2千5-3千5/月
米奇牛排馆,西餐厅服务员,"贵池区/城区,经验不限,学历不限",[若干人],2千6-3千2/月
米奇牛排馆,餐厅服务员,"贵池区/城区,经验不限,学历不限",[若干人],2千4-3千/月
米奇牛排馆,餐厅服务员,"贵池区/城区,经验不限,学历不限",[若干人],2千4-3千/月
米奇牛排馆,西餐学徒,"贵池区/城区,经验不限,学历不限",[若干人],2千2-3千4/月
米奇牛排馆,服务员,"贵池区/城区,经验不限,学历不限",[若干人],2千4-2千8/月
贵池区牧语家居店,淘宝运营 补单,"贵池区,1年以下,高中",[30人],3千-5千/月
上海倚玄实验室设备有限公司,文员,"贵池区,1-3年,大专",[1人],面议
贵池区上一层私房菜馆,服务员,"贵池区,经验不限,学历不限",[若干人],2千7-3千/月
贵池区香吧岛龙虾馆,厨师,"贵池区,经验不限,学历不限",[若干人],6千-1万/月
贵池区香吧岛龙虾馆,服务员,"贵池区,经验不限,学历不限",[若干人],4千-6千/月
广州巨浪展览策划有限公司,展览业务员,"青阳县,经验不限,学历不限",[10人],2千5-3千5/月
广州巨浪展览策划有限公司,业务员,"青阳县,经验不限,学历不限",[10人],2千5-3千5/月
平天湖风景区时光机经营部,淘宝美工,"贵池区/城区,经验不限,学历不限",[若干人],2千5-4千5/月
平天湖风景区时光机经营部,淘宝美工,"贵池区/城区,经验不限,学历不限",[若干人],2千5-5千/月
池州连连看网络科技有限公司,商务经理两名,"贵池区,3-5年,大专",[2人],5千-8千/月
池州连连看网络科技有限公司,商务谈判经理,"贵池区,3-5年,大专",[2人],5千-8千/月
池州连连看网络科技有限公司,商务经理,"贵池区,3-5年,大专",[1人],5千-1万/月
安徽长钰建设有限公司,项目经理,"青阳县,经验不限,学历不限",[若干人],面议
池州市美丽阿姨演艺传媒有限公司,助教,"贵池区/城区,经验不限,学历不限",[若干人],面议
池州市美丽阿姨演艺传媒有限公司,科学老师,"贵池区/城区,经验不限,学历不限",[若干人],面议
平天湖风景区觅餹蛋糕店,前台收银员,"贵池区,经验不限,学历不限",[若干人],1千8-3千/月
平天湖风景区觅餹蛋糕店,蛋糕师，学徒,"贵池区,经验不限,学历不限",[若干人],1千8-3千5/月
盛川园林,预算员,"贵池区/城区,经验不限,大专",[2人],2千-4千/月
盛川园林,造价师/预算师,"贵池区,经验不限,大专",[2人],2千-3千5/月
盛川园林,市政二级建造师,"贵池区,1-3年,中专",[3人],面议
盛川园林,预算员,"贵池区/城区,1-3年,大专",[2人],2千5-3千5/月
盛川园林,带班,"贵池区/城区,1年以下,初中",[1人],2千5-3千2/月
安徽省高速公路联网运营有限公司,客服员,"贵池区,经验不限,大专",[1人],面议
阳光人寿保险股份有限公司池州中心支公司,综合金融理财师,"贵池区/城区,经验不限,学历不限",[若干人],面议
阳光人寿保险股份有限公司池州中心支公司,综合金融理财师,"贵池区/城区,经验不限,学历不限",[若干人],面议
池州市浩瀚文化传媒有限公司,网络主播,"贵池区,经验不限,学历不限",[10人],5千-1万/月
池州市浩瀚文化传媒有限公司,签约艺人,"贵池区,经验不限,学历不限",[10人],5千-1万/月
明发集团池州房地产开发有限公司,行政专员,"贵池区,1-3年,大专",[1人],面议
明发集团池州房地产开发有限公司,开发经理,"贵池区,3-5年,大专",[1人],面议
池州市贵池区好喜好酒楼,服务员,"贵池区/城区,经验不限,学历不限",[若干人],2千8-3千/月
池州市贵池区好喜好酒楼,洗碗工,"贵池区/城区,经验不限,学历不限",[若干人],面议
池州市贵池区好喜好酒楼,后堂,"贵池区/城区,经验不限,学历不限",[若干人],2千5-3千/月
池州市松鼠智适应文化发展有限公司,课程顾问/销售,"贵池区,经验不限,大专",[10人],4千-6千/月
池州市松鼠智适应文化发展有限公司,前台接待,"贵池区,经验不限,学历不限",[1人],1千8-2千5/月
贵池区凌丽娟食品店,业务员,"贵池区/城区,经验不限,学历不限",[若干人],面议
安徽华宇物业发展有限公司,主办会计,"贵池区,5-10年,大专",[若干人],6千-7千/月
安徽华宇物业发展有限公司,管理员,"贵池区,无经验,初中",[若干人],2千-2千5/月
安徽华宇物业发展有限公司,保洁,"贵池区,经验不限,学历不限",[若干人],面议
安徽华宇物业发展有限公司,保安,"贵池区,1年以下,初中",[若干人],面议
安徽华宇物业发展有限公司,水电工,"贵池区,1-3年,初中",[若干人],2千-3千/月
安徽九华乾坤文化旅游发展有限责任公司,保安门卫,"青阳县,经验不限,学历不限",[1人],1千5-2千5/月
安徽九华乾坤文化旅游发展有限责任公司,水电安装/成本/景观设计,"青阳县,3-5年,大专",[1人],5千-9千/月
池州市房聚文化传媒有限公司,销售顾问、金融经理、行政经理、财务经理…,"贵池区,经验不限,学历不限",[若干人],面议
池州市房聚文化传媒有限公司,普工、测量员、PE工程师、财务总监、技术员…,"贵池区,经验不限,学历不限",[若干人],面议
池州精研新能源科技有限公司,实验员,"贵池区,1-3年,中技",[2人],3千-4千/月
池州精研新能源科技有限公司,研发工程师助理,"贵池区/乡镇,经验不限,大专",[5人],3千-6千/月
池州市贵池区悦人耳目足疗养生会所,足疗按摩技师,"贵池区/城区,经验不限,学历不限",[若干人],4千5-8千/月
池州波涛装饰工程有限公司,网页推广、美工,"贵池区,1-3年,学历不限",[1人],2千5-5千/月
池州波涛装饰工程有限公司,网络策划,"贵池区,经验不限,学历不限",[若干人],2千5-5千/月
池州波涛装饰工程有限公司,项目经理,"贵池区,经验不限,学历不限",[2人],面议
池州波涛装饰工程有限公司,营销部经理,"贵池区,5-10年,学历不限",[1人],4千-7千/月
池州波涛装饰工程有限公司,设计师助理,"贵池区,1-3年,中技",[2人],0千8-1千4/月
池州波涛装饰工程有限公司,工程部监理,"贵池区,5-10年,学历不限",[1人],2千4-4千8/月
池州波涛装饰工程有限公司,材料员,"贵池区,3-5年,大专",[1人],2千4-4千8/月
池州波涛装饰工程有限公司,电话销售,"贵池区,经验不限,高中",[4人],2千5-5千/月
池州梁宏置业有限公司,职业顾问渠道专员,"贵池区,经验不限,学历不限",[5人],3千2-3千5/月
池州梁宏置业有限公司,渠道专员,"贵池区,经验不限,学历不限",[10人],3千2-3千5/月
池州波涛装饰工程有限公司,室内室外装潢设计师,"贵池区,3-5年,大专",[6人],5千-1万/月
池州市江南市政公用工程有限公司,洒水车司机,"贵池区/乡镇,经验不限,学历不限",[若干人],面议
池州市江南市政公用工程有限公司,公路 市政 标书制作,"贵池区/城区,经验不限,学历不限",[若干人],面议
池州市江南市政公用工程有限公司,司机,"贵池区/城区,经验不限,学历不限",[若干人],面议
池州市江南市政公用工程有限公司,洒水车司机,"贵池区/乡镇,经验不限,学历不限",[若干人],3千-4千/月
池州名巢靓家装饰工程有限公司,室内外装潢设计师,"贵池区/城区,经验不限,学历不限",[若干人],5千-1万/月
池州名巢靓家装饰工程有限公司,市场部经理,"贵池区,经验不限,大专",[若干人],4千-6千/月
万成物业服务,物业工程人员,"贵池区,1-3年,高中",[若干人],面议
万成物业服务,物业管理员,"贵池区/城区,经验不限,学历不限",[若干人],面议
万成物业服务,万成物业招聘客服、管理员、保安、保洁,"贵池区,经验不限,学历不限",[若干人],面议
万成物业服务,物业客服,"贵池区,经验不限,学历不限",[若干人],面议
万成物业服务,前台客服,"贵池区/城区,经验不限,学历不限",[若干人],面议
池州市华奥汽车销售服务有限公司,钣金工,"贵池区,经验不限,学历不限",[1人],面议
池州市华奥汽车销售服务有限公司,续保专员,"贵池区,经验不限,学历不限",[1人],面议
池州市华奥汽车销售服务有限公司,服务顾问,"贵池区,经验不限,学历不限",[1人],面议
池州市华奥汽车销售服务有限公司,销售顾问,"贵池区,经验不限,学历不限",[3人],面议
池州市家乐文化传媒有限公司,销售 市场推广 广告业务,"贵池区,1-3年,学历不限",[2人],4千-8千/月
安徽省三星徽煌装饰设计工程有限公司,前台客服,"贵池区/城区,经验不限,学历不限",[若干人],2千5-5千/月
安徽省三星徽煌装饰设计工程有限公司,客户经理,"贵池区/城区,经验不限,学历不限",[若干人],3千-6千/月
安徽省三星徽煌装饰设计工程有限公司,设计师,"贵池区/城区,经验不限,学历不限",[若干人],4千5-9千/月
安徽省三星徽煌装饰设计工程有限公司,设计师助理,"贵池区/城区,经验不限,学历不限",[若干人],3千-6千/月
安徽陌上星企业管理有限公司,财务经理,"青阳县,5-10年,大专",[1人],面议
安徽陌上星企业管理有限公司,厂长助理,"青阳县,无经验,大专",[1人],3千-5千/月
池州市博悦汽车维保服务有限公司,销售经理,"贵池区/城区,经验不限,学历不限",[若干人],4千-8千/月
池州市博悦汽车维保服务有限公司,销售顾问,"贵池区/城区,经验不限,学历不限",[若干人],面议
池州镜面皮肤管理中心,美容师,"贵池区/城区,经验不限,学历不限",[若干人],3千-6千/月
安徽柯力电气制造有限公司,装配工,"青阳县,经验不限,初中",[20人],5千-8千/月
安徽柯力电气制造有限公司,财务经理,"青阳县,5-10年,大专",[1人],7千-9千/月
安徽柯力电气制造有限公司,品质管理（进料检验、制程检验）,"青阳县,1-3年,大专",[1人],3千5-4千/月
安徽柯力电气制造有限公司,储备干部,"青阳县,经验不限,中专",[3人],2千-4千/月
安徽柯力电气制造有限公司,生产管理,"青阳县,3-5年,大专",[若干人],4千-6千/月
池州启亚广告传媒有限公司,广告学徒,"贵池区/城区,经验不限,学历不限",[若干人],面议
池州启亚广告传媒有限公司,普工,"贵池区/城区,经验不限,学历不限",[若干人],面议
池州启亚广告传媒有限公司,广告操作工,"贵池区/城区,经验不限,学历不限",[若干人],面议
池州启亚广告传媒有限公司,平面设计,"贵池区/城区,经验不限,学历不限",[若干人],面议
平天湖风景区母婴坊婴童经营部,惠东商贸,"贵池区/城区,经验不限,学历不限",[若干人],3千-5千/月
平天湖风景区母婴坊婴童经营部,店长,"贵池区/城区,经验不限,学历不限",[若干人],面议
伊人婚庆,婚庆布置负责人,"贵池区,经验不限,学历不限",[若干人],面议
伊人婚庆,婚庆公司招酒店场布人员,"贵池区/城区,经验不限,学历不限",[10人],面议
学思行教育课外辅导公司,晚自习辅导老师,"贵池区/城区,经验不限,学历不限",[若干人],0千8-1千/月
安徽新彩虹饲料科技有限公司,生产库管,"贵池区,1-3年,中技",[2人],3千-4千/月
安徽新彩虹饲料科技有限公司,真空冻干设备自动生产线操作工,"贵池区,1-3年,中技",[4人],3千5-4千/月
安徽新彩虹饲料科技有限公司,生产管理会计,"贵池区,1-3年,大专",[2人],4千/月
池州市九华府金莲智慧农业有限公司,淘宝店铺招牌包装人员,"贵池区,经验不限,初中",[3人],2千2-3千/月
池州市九华府金莲智慧农业有限公司,小包裹包装人员,"贵池区,经验不限,高中",[3人],2千2-2千8/月
池州市站前区阳光商务宾馆,酒店店长/储备店长,"贵池区,1-3年,学历不限",[5人],4千5-7千/月
贵池区艺菲造型理发店,理发店招洗头大姐,"贵池区,经验不限,学历不限",[1人],面议
池州市站前区阳光商务宾馆,酒店前台主管,"贵池区,1-3年,学历不限",[5人],3千-5千/月
安徽易硕医学科技,办公室储备干部,"贵池区,经验不限,大专",[2人],4千-6千/月
安徽易硕医学科技,业务员,"贵池区,经验不限,高中",[10人],5千-8千/月
众联房产有限公司,房产销售精英,"贵池区/城区,经验不限,高中",[4人],5千-8千/月
众联房产有限公司,房产经纪 人,"贵池区/城区,经验不限,学历不限",[4人],5千-8千/月
池州市阳光康复中心,早教老师,"贵池区,经验不限,学历不限",[2人],面议
池州市阳光康复中心,康复训练师,"贵池区,经验不限,大专",[3人],2千-3千/月
池州鑫盛汽车销售服务有限公司,办公文员,"贵池区/城区,经验不限,高中",[1人],面议
池州鑫盛汽车销售服务有限公司,汽车品牌经理,"贵池区/城区,经验不限,高中",[若干人],面议
池州市忆超凡教育咨询有限公司,老师,"贵池区,经验不限,大专",[5人],3千-6千/月
池州市忆超凡教育咨询有限公司,招生老师,"贵池区,经验不限,大专",[10人],3千-6千/月
当哥服饰经营部,客服,"贵池区,经验不限,学历不限",[10人],面议
贵池区艾丝美发店,发型师助理学徒,"贵池区/城区,经验不限,学历不限",[若干人],2千-4千/月
贵池区艾丝美发店,发型师助理学徒,"贵池区/城区,经验不限,学历不限",[若干人],3千5-7千/月
安徽江南爆破工程有限公司池州分公司,招出纳一名,"贵池区,1-3年,大专",[1人],2千5/月
池州市鼎街商业管理有限公司,会计,"贵池区,1-3年,大专",[2人],面议
池州市池城网络科技有限公司,电脑技术员,"贵池区,经验不限,学历不限",[若干人],面议
池州市池城网络科技有限公司,复合机维修,"贵池区,经验不限,学历不限",[若干人],3千-6千/月
江阴优乐童装有限公司,淘宝客服,"贵池区,经验不限,学历不限",[10人],2千-3千/月
江阴优乐童装有限公司,仓库打包分拣员,"贵池区,经验不限,学历不限",[2人],2千-3千/月
安徽石台旅游发展股份有限公司园林管理分公司,售票员,"贵池区/乡镇,经验不限,学历不限",[若干人],面议
安徽石台旅游发展股份有限公司园林管理分公司,检票员,"贵池区/乡镇,经验不限,学历不限",[若干人],面议
池州市鸿兴建筑安装工程有限责任公司,办公室助理,"贵池区,经验不限,大专",[若干人],面议
安徽石台旅游发展股份有限公司园林管理分公司,驾驶员,"石台县,3-5年,高中",[5人],面议
YUNSHUO允硕,导购,"贵池区,经验不限,学历不限",[4人],3千5-7千/月
池州爱尔眼科医院有限公司,市场部主任/拓展专员,"贵池区,3-5年,大专",[6人],面议
池州爱尔眼科医院有限公司,行政人资主任,"贵池区,3-5年,本科",[1人],面议
池州市黄埔中学,招聘高中英语教师,"贵池区,经验不限,学历不限",[若干人],3千5-6千5/月
池州市黄埔中学,高中教师,"贵池区,经验不限,本科",[若干人],3千-5千5/月
池州市黄埔中学,招聘分管教学副校长,"贵池区,经验不限,学历不限",[若干人],面议
池州市黄埔中学,高中任课教师,"贵池区,经验不限,本科",[若干人],面议
安徽罗曼缘酒店管理有限公司,市场营销经理,"贵池区/城区,经验不限,学历不限",[若干人],5千-7千/月
安徽罗曼缘酒店管理有限公司,前台接待,"贵池区/城区,经验不限,学历不限",[若干人],4千-6千/月
安徽昊天物业服务有限公司池州分公司,水电工,"贵池区/城区,1-3年,高中",[3人],2千5-3千/月
贵池区巨石纯歌娱乐会所,巨石纯歌KTV服务生,"贵池区/城区,经验不限,学历不限",[若干人],2千6-3千/月
合肥诺成教育池州分校,中学数学老师,"贵池区,经验不限,大专",[若干人],3千-5千/月
合肥诺成教育池州分校,中学英语，数学教师,"贵池区/城区,经验不限,学历不限",[若干人],3千-6千/月
合肥诺成教育池州分校,中学理化教师,"贵池区/城区,1-3年,本科",[若干人],3千-4千/月
合肥诺成教育池州分校,前台,"贵池区/城区,1年以下,学历不限",[若干人],2千-3千/月
合肥诺成教育池州分校,中学英语教师,"贵池区/城区,1-3年,本科",[若干人],3千-4千/月
安徽绿港农仓电子商务有限公司,出纳,"贵池区,经验不限,学历不限",[若干人],2千-4千/月
安徽绿港农仓电子商务有限公司,美工,"贵池区,经验不限,学历不限",[若干人],3千-6千/月
池州市安康房产经纪有限公司,二手房销售精英,"贵池区/城区,经验不限,高中",[10人],3千-5千/月
池州市安康房产经纪有限公司,店长/卖场经理,"贵池区/城区,1-3年,大专",[2人],5千-8千/月
安徽省九华山陵园有限公司,业务专员,"贵池区,1-3年,学历不限",[10人],面议
安徽省九华山陵园有限公司,业务组长,"贵池区,1-3年,高中",[2人],面议
池州君达牧业有限公司,销售,"贵池区/城区,经验不限,学历不限",[若干人],面议
池州君达牧业有限公司,业务经理,"贵池区/城区,经验不限,学历不限",[若干人],面议
池州汉诺威机电设备科技有公司,电气工程师,"贵池区,经验不限,学历不限",[若干人],3千5-5千/月
池州汉诺威机电设备科技有公司,淘宝美工,"贵池区,经验不限,学历不限",[若干人],3千-5千/月
学未央教育,招各科全职教师,"贵池区/城区,经验不限,学历不限",[若干人],面议
安徽省金匠雕塑有限公司,生产主管,"青阳县,3-5年,大专",[1人],6千-1万2/月
九华山九莲苑宾馆,客房服务员,"九华山/景区,经验不限,学历不限",[若干人],2千7-3千5/月
九华山九莲苑宾馆,前台接待,"九华山/景区,经验不限,高中",[4人],3千-4千/月
九华山九莲苑宾馆,前台接待,"九华山,经验不限,学历不限",[3人],3千-4千/月
九华山九莲苑宾馆,营销经理,"九华山,1年以下,学历不限",[1人],面议
平天湖风景区古月装潢设计中心,销售客服,"贵池区/城区,经验不限,学历不限",[若干人],面议
平天湖风景区古月装潢设计中心,设计师,"贵池区/城区,经验不限,学历不限",[若干人],面议
贵池区王霞仓储服务部,驾驶员,"贵池区,1-3年,高中",[1人],4千5-6千/月
池州极光信息技术有限公司,售后工程师,"贵池区,1-3年,高中",[若干人],3千-6千/月
池州极光信息技术有限公司,销售精英,"贵池区,1-3年,高中",[3人],2千5-5千/月
池州极光信息技术有限公司,业务经理,"贵池区,1-3年,高中",[2人],3千-6千/月
池州极光信息技术有限公司,文员,"贵池区,经验不限,大专",[1人],2千5-3千/月
安徽徽居房地产营销策划有限公司,房产经纪人,"贵池区,经验不限,初中",[30人],5千-1万/月
安徽徽居房地产营销策划有限公司,置业顾问,"贵池区,经验不限,学历不限",[若干人],5千-1万/月
池州天翔机电设备有限公司,销售工程师,"贵池区,经验不限,高中",[10人],2千5-5千/月
青阳县蓉城镇祺丰粮油商行,贵池城区商贸公司送货司机,"贵池区,1-3年,学历不限",[2人],3千5-4千5/月
青阳县蓉城镇祺丰粮油商行,贵池城区业务员,"贵池区/城区,1-3年,学历不限",[2人],面议
贵池区志翔电脑服务中心,电脑学徒,"贵池区,经验不限,学历不限",[若干人],面议
贵池区志翔电脑服务中心,渠道商务,"贵池区,经验不限,学历不限",[若干人],面议
池州市鑫富矿业有限公司,矿山后勤管理及资料员,"贵池区,经验不限,高中",[3人],面议
安徽省艺捷广告有限公司,平面设计师,"贵池区,经验不限,学历不限",[若干人],3千-5千/月
安徽速网信息技术有限公司,技术支持,"贵池区,1-3年,高中",[若干人],面议
池州市祺祥服饰有限公司,仓库管理员,"贵池区,经验不限,高中",[2人],面议
池州市祺祥服饰有限公司,文员,"贵池区,1-3年,高中",[2人],面议
池州诚工水泥预制厂,生产工人,"贵池区/乡镇,经验不限,学历不限",[若干人],5千-6千/月
池州市贵池区超港食品烘焙坊,营业员,"贵池区,经验不限,学历不限",[若干人],2千5-3千5/月
池州市贵池区超港食品烘焙坊,裱花师,"贵池区,1-3年,学历不限",[若干人],面议
池州市站前区中宇卫浴营销中心,销售经理,"贵池区/城区,经验不限,学历不限",[10人],4千-8千/月
池州市站前区中宇卫浴营销中心,电话客服,"贵池区/城区,经验不限,学历不限",[若干人],面议
池州市站前区中宇卫浴营销中心,导购,"贵池区/城区,经验不限,学历不限",[若干人],3千-6千/月
池州市站前区中宇卫浴营销中心,池州市中宇卫浴营销中心,"贵池区/城区,经验不限,学历不限",[若干人],面议
池州市站前区中宇卫浴营销中心,店长,"贵池区/城区,经验不限,学历不限",[2人],3千-6千/月
安徽通泰建筑工程有限公司,二级注册建造师,"贵池区,经验不限,学历不限",[若干人],面议
安徽通泰建筑工程有限公司,预算员，市政道路施工员各2名,"贵池区,1-3年,大专",[若干人],面议
安徽通泰建筑工程有限公司,预算员2名，市政道桥施工员2名,"贵池区,1-3年,大专",[若干人],面议
池州汉诺威机电设备科技有限公司,淘宝运营,"贵池区/城区,经验不限,学历不限",[若干人],面议
池州汉诺威机电设备科技有限公司,电话销售,"贵池区/城区,1-3年,大专",[3人],面议
池州市盛尚源餐饮管理有限公司,食堂经理,"贵池区/城区,经验不限,学历不限",[若干人],3千5-7千/月
池州市盛尚源餐饮管理有限公司,仓库管理,"贵池区/城区,经验不限,学历不限",[若干人],3千-6千/月
安徽九华山旅游发展股份有限公司,餐厅服务员（大九华宾馆）,"贵池区/城区,经验不限,高中",[10人],3千-4千/月
安徽九华山旅游发展股份有限公司,餐厅收银员,"贵池区,1年以下,大专",[2人],3千-3千5/月
安徽九华山旅游发展股份有限公司,工程技工,"贵池区,1-3年,高中",[3人],3千3-4千/月
安徽九华山旅游发展股份有限公司,前台接待员,"贵池区,1-3年,大专",[2人],3千1-3千8/月
安徽九华山旅游发展股份有限公司,分子公司主管、领班、工程师、技工和普通员工,"九华山,经验不限,本科",[50人],4千-6千5/月
池州市创为广告有限公司,平面设计师,"贵池区,1-3年,学历不限",[2人],2千5-3千/月
池州市同泰和商贸有限公司,业务经理,"贵池区/城区,经验不限,学历不限",[若干人],2千4-3千2/月
池州市车逸轩快修服务中心,汽车维修学徒,"贵池区/城区,经验不限,学历不限",[若干人],0千5-1千/月
池州市车逸轩快修服务中心,汽车修理学徒,"贵池区/城区,经验不限,学历不限",[若干人],面议
池州市车逸轩快修服务中心,汽车修理工,"贵池区/城区,经验不限,学历不限",[若干人],2千-3千/月
池州市车逸轩快修服务中心,汽车洗车工,"贵池区/城区,经验不限,学历不限",[若干人],1千5-1千8/月
池州市江南芳芳餐饮服务有限公司,餐厅服务员（梅龙）,"贵池区,经验不限,学历不限",[3人],面议
贵池区T咪造型店,发型师，助理，技师,"贵池区/城区,经验不限,学历不限",[若干人],面议
池州大唐钙化物有限公司,安全技术员,"贵池区,经验不限,大专",[1人],面议
池州大唐钙化物有限公司,机电维修工,"贵池区,经验不限,初中",[4人],面议
池州东辰商务信息咨询服务有限公司,客户经理,"贵池区,1-3年,学历不限",[若干人],5千-1万/月
池州市启赋少儿咨询服务有限公司,前台,"贵池区/城区,1-3年,大专",[2人],2千-3千/月
池州市启赋少儿咨询服务有限公司,实习老师,"贵池区,经验不限,大专",[2人],1千8-2千2/月
池州市启赋少儿咨询服务有限公司,早教顾问,"贵池区/城区,1-3年,大专",[若干人],2千5-5千/月
池州市启赋少儿咨询服务有限公司,授课教师,"贵池区/城区,1-3年,大专",[2人],3千-5千/月
池州市华博建筑安装工程有限公司,工程资料员,"贵池区,经验不限,学历不限",[若干人],面议
池州市华博建筑安装工程有限公司,预算员,"贵池区,1-3年,大专",[2人],面议
贵池区嘉旺厨房用具店,业务专员,"贵池区/城区,经验不限,学历不限",[若干人],面议
贵池区嘉旺厨房用具店,渠道销售经理,"贵池区/城区,经验不限,学历不限",[若干人],面议
菜鸟网咖,网吧收银,"贵池区/城区,经验不限,学历不限",[若干人],2千-3千/月
安徽钜固安全封条科技有限公司,淘宝专员,"贵池区/城区,经验不限,学历不限",[若干人],面议
池州市合力再生资源利用有限公司,烧饭阿姨,"贵池区,经验不限,学历不限",[1人],面议
池州市合力再生资源利用有限公司,叉车工,"贵池区,1-3年,初中",[若干人],面议
池州一号公馆娱乐有限公司,女酒水推广员,"贵池区/城区,经验不限,学历不限",[若干人],6千-1万/月
池州一号公馆娱乐有限公司,服务员,"贵池区/城区,经验不限,学历不限",[若干人],3千-6千/月
安徽本草拾遗生物研究有限公司,文案策划,"贵池区,经验不限,学历不限",[若干人],面议
安徽本草拾遗生物研究有限公司,行政专员,"贵池区,1-3年,大专",[1人],2千5-3千5/月
安徽本草拾遗生物研究有限公司,美工/网页/平面设计,"贵池区,经验不限,学历不限",[若干人],3千-4千/月
池州市林乐建材销售有限公司,店面销售,"贵池区,1-3年,初中",[若干人],面议
伊晗母婴用品销售中心,销售代表,"贵池区,经验不限,学历不限",[若干人],3千-6千/月
锦尚酒店,酒店前台,"贵池区/城区,经验不限,学历不限",[若干人],2千-3千/月
锦尚酒店,酒店前台,"贵池区/城区,经验不限,学历不限",[若干人],2千-3千/月
安徽源邦机械设备有限公司,普工,"贵池区,经验不限,学历不限",[10人],面议
池州悦美文化艺术咨询服务有限公司,早教顾问,"贵池区,经验不限,大专",[4人],面议
池州悦美文化艺术咨询服务有限公司,市场专员,"贵池区,1-3年,学历不限",[4人],面议
池州市安顺汽车销售服务有限公司,货车维修学徒工,"贵池区/城区,经验不限,学历不限",[若干人],面议
池州市安顺汽车销售服务有限公司,汽车销售经理,"贵池区/城区,经验不限,学历不限",[若干人],面议
池州市安顺汽车销售服务有限公司,销售经理,"贵池区/城区,经验不限,学历不限",[若干人],面议
青阳县润峰广告有限公司,广告设计,"青阳县,经验不限,学历不限",[若干人],面议
安徽省杏花村文化旅游发展有限公司,饭店收银,"贵池区,经验不限,高中",[1人],面议
安徽省杏花村文化旅游发展有限公司,饭店洗碗洗菜阿姨,"贵池区,经验不限,学历不限",[1人],面议
安徽省杏花村文化旅游发展有限公司,饭店店长,"贵池区,1-3年,高中",[1人],面议
安徽省杏花村文化旅游发展有限公司,杏花村客栈  前台接待,"贵池区/城区,1年以下,高中",[2人],面议
安徽省杏花村文化旅游发展有限公司,保洁,"贵池区,经验不限,学历不限",[若干人],面议
大地影院,服务员,"贵池区/城区,经验不限,学历不限",[若干人],面议
大地影院,服务员,"贵池区/城区,经验不限,学历不限",[若干人],1千8-3千5/月
池州市恒晟建筑装饰工程有限公司,设计师助理,"贵池区,经验不限,学历不限",[10人],面议
池州市恒晟建筑装饰工程有限公司,销售顾问,"贵池区,经验不限,大专",[10人],面议
安徽恒河动力新能源科技有限公司,基建/设备助理,"贵池区,1-3年,大专",[1人],3千-4千/月
贵池区友家建材店,导购员,"贵池区,1-3年,高中",[3人],3千-6千/月
贵池区友家建材店,设计师,"贵池区,1-3年,中专",[2人],3千-6千/月
贵池区友家建材店,销售代表,"贵池区,经验不限,高中",[5人],3千-6千/月
长岗幼儿园,幼师,"贵池区,经验不限,学历不限",[若干人],面议
池州远博科技软件,销售代表,"贵池区,经验不限,大专",[5人],4千-8千/月
池州远博科技软件,电话营销,"贵池区,经验不限,大专",[3人],2千5-5千/月
池州远博科技软件,软件实施工程师,"贵池区,经验不限,大专",[5人],4千-8千/月
源邦设备有限公司,文员 氩弧焊工 电焊工 油漆工,"贵池区,经验不限,学历不限",[若干人],面议
池州金牌盛典文化产业投资有限公司,前台,"贵池区,经验不限,学历不限",[4人],面议
池州中宜包装有限公司,普工,"贵池区/城区,经验不限,学历不限",[若干人],面议
池州中宜包装有限公司,平面设计,"贵池区/城区,经验不限,学历不限",[若干人],面议
池州东来文化传播有限公司,课程顾问,"贵池区,经验不限,大专",[1人],面议
池州君斯财务有限公司,销售,"贵池区/城区,经验不限,学历不限",[若干人],面议
池州东来文化传播有限公司,国学教师,"贵池区,经验不限,大专",[2人],2千-4千/月
贵池区南大门通讯设备经营部,电话客服,"贵池区,经验不限,初中",[若干人],2千-3千/月
禄思伟矿业资源（安徽）有限公司,窑炉主控操作员,"贵池区,3-5年,高中",[30人],3千-4千/月
禄思伟矿业资源（安徽）有限公司,维修钳工,"贵池区,3-5年,高中",[10人],3千5-4千5/月
禄思伟矿业资源（安徽）有限公司,操作工、包装工、巡检,"贵池区,1-3年,高中",[30人],3千-4千/月
禄思伟矿业资源（安徽）有限公司,安全员,"贵池区,3-5年,高中",[2人],3千-4千/月
禄思伟矿业资源（安徽）有限公司,维修电工,"贵池区,3-5年,高中",[10人],3千5-4千5/月
贵池区希望教育咨询服务中心,初高中数理化教师,"贵池区/城区,经验不限,学历不限",[若干人],3千-6千/月
贵池区希望教育咨询服务中心,课程顾问,"贵池区/城区,经验不限,学历不限",[若干人],5千-1万/月
贵池区希望教育咨询服务中心,各科教师,"贵池区/城区,经验不限,学历不限",[若干人],面议
点点灯饰,店长,"贵池区/城区,经验不限,学历不限",[若干人],2千6-5千/月
点点灯饰,灯具开关小区渠道专员,"贵池区/城区,经验不限,学历不限",[若干人],3千-6千/月
点点灯饰,灯具安装和学徒,"贵池区/城区,经验不限,学历不限",[若干人],2千6-5千/月
平天湖风景区百姓饭店,厨师,"贵池区/城区,经验不限,学历不限",[若干人],4千-5千5/月
安徽中建世纪兴房地产土地评估有限公司池州分公司,客户经理,"贵池区,1-3年,学历不限",[2人],面议
尕力顿网吧,网吧网管,"贵池区,经验不限,学历不限",[1人],面议
尕力顿网吧,收银员,"贵池区,经验不限,学历不限",[3人],面议
安徽绿健检测技术服务有限公司,实验室主任,"贵池区,1-3年,本科",[3人],面议
安徽绿健检测技术服务有限公司,业务经理,"贵池区/城区,经验不限,大专",[10人],面议
安徽绿健检测技术服务有限公司,环评编制、环境工程项目负责人员,"贵池区/城区,经验不限,大专",[5人],面议
安徽绿健检测技术服务有限公司,办公室主任,"贵池区,1-3年,本科",[若干人],2千5-3千5/月
安徽绿健检测技术服务有限公司,实验室分析人员,"贵池区/城区,经验不限,大专",[6人],面议
上海途美装潢设计有限公司,项目经理,"贵池区,经验不限,学历不限",[20人],面议
上海途美装潢设计有限公司,市场开拓人员,"贵池区,经验不限,学历不限",[1人],面议
上海途美装潢设计有限公司,设计师,"贵池区,1-3年,学历不限",[1人],面议
彩钢瓦零售,舞蹈教师2名，绘画教师2名,"贵池区,经验不限,学历不限",[4人],1千5-3千/月
彩钢瓦零售,舞蹈教师2名，绘画教师2名,"贵池区,经验不限,中专",[4人],3千-5千/月
池州市爱家房地产经纪有限公司,房产经纪人,"贵池区/城区,经验不限,学历不限",[若干人],3千-5千/月
池州市爱家房地产经纪有限公司,诚聘房产经理,"贵池区/城区,经验不限,初中",[10人],3千-5千/月
池州市爱家房地产经纪有限公司,房产经纪人,"贵池区/城区,经验不限,学历不限",[15人],面议
安徽绿创精密电子科技有限公司,人事课长,"贵池区/乡镇,经验不限,学历不限",[若干人],面议
安徽绿创精密电子科技有限公司,文员,"贵池区,1-3年,大专",[3人],面议
池州市爱家房地产经纪有限公司,置业顾问,"贵池区/城区,经验不限,学历不限",[15人],面议
安徽绿创精密电子科技有限公司,仓管,"贵池区/乡镇,经验不限,学历不限",[若干人],面议
安徽绿创精密电子科技有限公司,普工,"贵池区,经验不限,学历不限",[99人],面议
安徽绿创精密电子科技有限公司,人事专员,"贵池区,1-3年,中专",[若干人],2千5-3千/月
池州福居房地产经纪有限公司,房产经纪人,"贵池区,经验不限,学历不限",[20人],1千2-1千5/月
池州福居房地产经纪有限公司,房产经纪人,"贵池区,经验不限,学历不限",[20人],面议
安徽绿创精密电子科技有限公司,人事专员/人事储备干部,"贵池区,3-5年,本科",[若干人],面议
池州港远航控股有限公司,电气工程师,"贵池区,3-5年,本科",[2人],面议
池州港远航控股有限公司,机械工程师,"贵池区,5-10年,本科",[4人],面议
华陵灯饰有限责任公司,建材销售,"贵池区/城区,经验不限,学历不限",[若干人],面议
池州一起突然网络科技有限公司,企业服务专员,"贵池区,1-3年,中专",[5人],2千-3千/月
池州市雄图信息商务咨询有限公司,业务员,"贵池区/城区,经验不限,学历不限",[若干人],5千-1万/月
池州鑫建安建筑劳务服务有限公司,会计,"贵池区/城区,1-3年,学历不限",[若干人],面议
池州鑫建安建筑劳务服务有限公司,出纳,"贵池区/城区,经验不限,学历不限",[若干人],面议
池州体彩中心,体育彩票代理销售网点,"贵池区/城区,经验不限,高中",[6人],3千-6千/月
池州体彩中心,体育彩票代理销售网点,"石台县,经验不限,高中",[2人],3千-6千/月
池州体彩中心,体育彩票代理销售网点,"东至县/县城,经验不限,高中",[若干人],3千5-6千/月
池州体彩中心,体彩代理销售业主,"青阳县,1-3年,高中",[若干人],3千-6千/月
安徽老渔翁投资控股有限公司,房产销售/置业顾问,"贵池区,经验不限,学历不限",[3人],3千-6千/月
贵池区博汪母婴用品店,导购,"贵池区/城区,经验不限,学历不限",[若干人],面议
池州市凯昱建筑节能科技有限公司,外墙保温材料销售专员,"贵池区/城区,经验不限,学历不限",[若干人],4千-8千/月
安徽蓝天下电子商务有限公司,收银员,"贵池区,经验不限,学历不限",[若干人],面议
池州市人生无限网络科技有限公司,新媒体运营,"贵池区,经验不限,大专",[2人],4千-5千/月
池州市人生无限网络科技有限公司,新媒体运营,"贵池区,经验不限,大专",[2人],4千-5千/月
中国平安财产保险股份有限公司池州中心支公司,岗位经理,"贵池区,经验不限,大专",[10人],3千-5千/月
安徽亿川会计师事务所（普通合伙）,财务（审计专员）,"贵池区,经验不限,学历不限",[若干人],面议
安徽亿川会计师事务所（普通合伙）,中级会计师（项目经理）,"贵池区,经验不限,学历不限",[若干人],面议
芜湖团圆网络科技有限公司,美团点评收银系统销售经理,"贵池区,经验不限,中专",[5人],4千-8千/月
芜湖团圆网络科技有限公司,美团网客户谈判代表+月薪5-8K+五险一金,"贵池区,经验不限,大专",[若干人],3千-6千/月
安徽亿川会计师事务所（普通合伙）,审计经理,"贵池区,经验不限,学历不限",[若干人],面议
正知艺术培训中心,初高中全学科助教,"贵池区,经验不限,大专",[若干人],3千-5千/月
正知艺术培训中心,小学英语老师,"贵池区,经验不限,大专",[若干人],3千-5千/月
池州市五星电脑有限责任公司,技术人员,"贵池区,经验不限,学历不限",[若干人],面议
池州市五星电脑有限责任公司,商务代表,"贵池区,经验不限,学历不限",[若干人],面议
安徽盛唐工程咨询集团有限公司,造价师/预算师,"贵池区/城区,经验不限,学历不限",[若干人],面议
安徽漫渺保健科技有限公司,平面设计美工,"贵池区,3-5年,学历不限",[1人],面议
安徽漫渺保健科技有限公司,采购助理,"贵池区,经验不限,学历不限",[1人],3千-5千/月
安徽漫渺保健科技有限公司,经理助理,"贵池区/城区,1-3年,学历不限",[1人],3千-5千/月
安徽漫渺保健科技有限公司,电商销售专员,"贵池区/城区,1-3年,学历不限",[1人],3千-5千/月
池州市河滨幼儿园,幼儿园教师,"贵池区,经验不限,学历不限",[若干人],面议
青阳县远恒模具制造有限公司,模具三维设计师，模具钳工,"青阳县,1-3年,初中",[若干人],3千-6千/月
青阳县远恒模具制造有限公司,加工中心操作工，加工中心编程,"青阳县,1-3年,初中",[5人],3千-6千/月
安徽辰元物业管理有限公司池州分公司,办公楼保安,"贵池区/城区,1-3年,初中",[1人],面议
安徽辰元物业管理有限公司池州分公司,办公楼保洁,"贵池区/城区,1年以下,初中",[1人],面议
安徽辰元物业管理有限公司池州分公司,值班电工,"贵池区/城区,1-3年,高中",[2人],面议
安徽辰元物业管理有限公司池州分公司,办公楼保安,"贵池区/城区,1年以下,高中",[3人],面议
安徽辰元物业管理有限公司池州分公司,办公楼保安人员,"贵池区/城区,1-3年,初中",[1人],面议
安徽九华山旅游发展股份有限公司东崖宾馆,质培专员,"九华山/景区,1-3年,本科",[1人],4千-4千5/月
安徽九华山旅游发展股份有限公司东崖宾馆,美工,"九华山/景区,经验不限,本科",[1人],3千5-4千/月
安徽九华山旅游发展股份有限公司东崖宾馆,客房服务员,"九华山,经验不限,高中",[6人],3千4-3千8/月
安徽九华山旅游发展股份有限公司东崖宾馆,园艺师,"九华山,经验不限,大专",[1人],3千4-3千8/月
安徽九华山旅游发展股份有限公司东崖宾馆,餐厅服务员,"九华山,经验不限,高中",[6人],3千4-3千8/月
安徽皖通科技股份有限公司,机电维护工程师,"贵池区,1-3年,大专",[3人],4千-6千/月
安徽茶溪建设开发有限公司,行政文员,"九华山,经验不限,大专",[2人],面议
安徽茶溪建设开发有限公司,水暖工程师,"九华山/景区,经验不限,学历不限",[若干人],面议
安徽茶溪建设开发有限公司,置业顾问,"九华山,经验不限,学历不限",[若干人],面议
安徽茶溪建设开发有限公司,平面设计,"九华山,经验不限,学历不限",[若干人],面议
安徽茶溪建设开发有限公司,建筑工程设计师,"九华山,经验不限,学历不限",[若干人],面议
池州三骏财务咨询有限公司,主办会计,"贵池区,3-5年,大专",[2人],3千5-6千/月
池州三骏财务咨询有限公司,诚聘电话销售+年薪6万-,"贵池区/城区,1-3年,高中",[20人],5千-1万/月
爱辣啵啵鱼餐厅,餐饮店人员,"贵池区,经验不限,初中",[5人],3千-5千/月
金地物业池州分公司,售楼部客服,"贵池区/城区,经验不限,学历不限",[若干人],2千6-2千8/月
金地物业池州分公司,保安,"贵池区/城区,经验不限,学历不限",[若干人],3千5-4千/月
上海麟膳餐饮管理有限公司,市区学校食堂招聘大锅菜师傅,"贵池区/城区,经验不限,学历不限",[若干人],4千-5千/月
上海麟膳餐饮管理有限公司,学校食堂招聘面点师傅,"贵池区/城区,经验不限,学历不限",[若干人],3千-4千/月
上海麟膳餐饮管理有限公司,学校食堂招聘勤杂阿姨,"贵池区/城区,经验不限,学历不限",[若干人],1千8-2千/月
上海麟膳餐饮管理有限公司,学校食堂招聘厨师包吃住,"贵池区/城区,经验不限,学历不限",[若干人],3千5-4千5/月
上海麟膳餐饮管理有限公司,学校食堂厨师,"贵池区/城区,经验不限,学历不限",[若干人],4千-4千6/月
池州市九华山弘愿旅游发展有限公司,酒店前台,"九华山,1-3年,学历不限",[2人],面议
池州市九华山弘愿旅游发展有限公司,餐厅服务员,"九华山,经验不限,学历不限",[10人],面议
池州市工程建设监理有限公司,监理师、监理员,"贵池区,1-3年,学历不限",[若干人],3千5-5千/月
江苏悠迅网络科技有限公司,人事专员,"贵池区,经验不限,学历不限",[1人],2千-4千/月
江苏悠迅网络科技有限公司,储备经理,"贵池区,经验不限,学历不限",[20人],3千-6千/月
江苏悠迅网络科技有限公司,手游推广（经验不限）,"贵池区,经验不限,学历不限",[50人],3千-6千/月
江苏悠迅网络科技有限公司,网络销售（手游推广）,"贵池区,经验不限,学历不限",[50人],3千-6千/月
添荣电子商务,急淘宝客服,"贵池区,经验不限,学历不限",[4人],2千-4千/月
添荣电子商务,淘宝运营推广,"贵池区/城区,经验不限,学历不限",[2人],4千5-9千/月
平天湖风景区佳天乐建材经营部,店长,"贵池区,经验不限,学历不限",[1人],3千-6千/月
平天湖风景区佳天乐建材经营部,前台导购,"贵池区,经验不限,学历不限",[5人],2千4-4千5/月
贵池区迷你照相馆,助理,"贵池区/城区,经验不限,学历不限",[若干人],面议
池州猎手网络科技有限公司,客服,"贵池区/城区,经验不限,学历不限",[若干人],3千5-7千/月
池州猎手网络科技有限公司,客服专员,"贵池区/城区,经验不限,学历不限",[若干人],2千-4千/月
福建盼盼饮料有限公司,代理经销商,"贵池区/城区,经验不限,学历不限",[若干人],面议
池州同城生活文化传媒有限公司,线下网红主播,"贵池区/城区,经验不限,学历不限",[若干人],面议
池州同城生活文化传媒有限公司,销售经理,"贵池区/城区,经验不限,学历不限",[若干人],面议
池州同城生活文化传媒有限公司,业务经理,"贵池区,经验不限,学历不限",[若干人],面议
池州同城生活文化传媒有限公司,直播策划,"贵池区/城区,经验不限,学历不限",[若干人],3千-6千/月
池州同城生活文化传媒有限公司,市场营销,"贵池区,经验不限,学历不限",[若干人],面议
池州市天水湾大酒店有限公司,技术员,"贵池区,经验不限,学历不限",[若干人],2千5-3千/月
池州市天水湾大酒店有限公司,天水湾餐饮收银,"贵池区,1年以下,学历不限",[3人],2千3-3千/月
池州市天方富硒生物科技有限公司,销售业务经理,"贵池区/城区,经验不限,学历不限",[若干人],面议
池州中企智胜财务咨询有限公司,销售代表,"贵池区,1年以下,大专",[2人],面议
池州华宏建筑工程有限公司,出纳兼办公室文员,"贵池区,经验不限,学历不限",[1人],面议
池州华宏建筑工程有限公司,资料员,"贵池区,经验不限,学历不限",[1人],面议
池州华宏建筑工程有限公司,资料员预算员,"贵池区,经验不限,学历不限",[1人],面议
池州铜顺汽贸有限责任公司,销售顾问,"贵池区/城区,经验不限,学历不限",[10人],面议
池州铜顺汽贸有限责任公司,装潢学徒工,"贵池区/城区,经验不限,学历不限",[1人],面议
池州铜顺汽贸有限责任公司,油漆中工,"贵池区/城区,经验不限,高中",[1人],面议
池州铜顺汽贸有限责任公司,油漆学徒,"贵池区/城区,经验不限,学历不限",[若干人],面议
池州铜顺汽贸有限责任公司,汽车机修学徒,"贵池区/城区,1-3年,初中",[1人],面议
池州市祥顺汽车销售服务有限公司,汽车机修师傅,"贵池区/城区,1-3年,学历不限",[2人],4千5-6千/月
池州市祥顺汽车销售服务有限公司,服务顾问,"贵池区/城区,1-3年,大专",[2人],3千-5千/月
池州市捷途汽车销售服务有限公司,销售顾问,"贵池区,经验不限,中专",[5人],4千-8千/月
池州市捷途汽车销售服务有限公司,数字化经理,"贵池区,1年以下,大专",[1人],3千5-5千5/月
池州市捷途汽车销售服务有限公司,行政主管,"贵池区,1年以下,大专",[1人],2千5-3千5/月
池州市捷途汽车销售服务有限公司,市场经理,"贵池区,1-3年,大专",[1人],3千5-5千5/月
池州市捷途汽车销售服务有限公司,销售经理,"贵池区,1-3年,大专",[1人],6千-8千/月
安徽思埠社交电商服务有限公司,销售代表,"贵池区/城区,经验不限,学历不限",[若干人],2千5-5千/月
安徽思埠社交电商服务有限公司,线下市场经理,"贵池区/城区,经验不限,学历不限",[若干人],面议
安徽思埠社交电商服务有限公司,策划部经理,"贵池区/城区,经验不限,学历不限",[若干人],4千-8千/月
安徽思埠社交电商服务有限公司,仓管,"贵池区/城区,经验不限,学历不限",[若干人],2千-3千/月
安徽思埠社交电商服务有限公司,董事长助理,"贵池区/城区,经验不限,学历不限",[若干人],2千-4千/月
上海阔礼商务咨询有限公司,销售经理助理,"贵池区,经验不限,学历不限",[若干人],面议
池州市站前区东湖汽配销售公司,送货司机,"贵池区/城区,经验不限,学历不限",[若干人],面议
池州市站前区东湖汽配销售公司,小车驾驶员,"贵池区/城区,经验不限,学历不限",[若干人],面议
池州市尚都观景酒店有限公司,前厅经理,"贵池区,经验不限,学历不限",[若干人],面议
池州市尚都观景酒店有限公司,餐厅经理,"贵池区,经验不限,中专",[若干人],面议
贵池区大西瓜亲子摄影馆,招聘宝妈孕妈兼职客服,"贵池区/城区,经验不限,学历不限",[若干人],1千5-3千/月
贵池区大西瓜亲子摄影馆,门市客服,"贵池区,经验不限,高中",[3人],2千-4千/月
贵池区大西瓜亲子摄影馆,化妆师,"贵池区/城区,经验不限,学历不限",[若干人],面议
池州市金禾物流有限责任公司,安全员,"贵池区,1-3年,高中",[若干人],面议
池州秀齐商贸有限公司,销售代表,"贵池区,经验不限,学历不限",[4人],3千-5千/月
池州秀齐商贸有限公司,业务代表,"东至县,经验不限,学历不限",[2人],3千-5千/月
池州秀齐商贸有限公司,办公室文员,"贵池区,经验不限,高中",[2人],2千-4千/月
安徽省艺海潮广告展览有限公司,平面设计,"贵池区,经验不限,学历不限",[若干人],3千-5千/月
池州宝景汽车销售服务有限公司,机电工,"贵池区,经验不限,学历不限",[若干人],面议
池州宝景汽车销售服务有限公司,油漆工,"贵池区,经验不限,学历不限",[若干人],面议
池州宝景汽车销售服务有限公司,销售顾问,"贵池区,经验不限,学历不限",[2人],6千-8千/月
池州宝景汽车销售服务有限公司,市场经理,"贵池区,经验不限,学历不限",[若干人],面议
池州市明恒汽车销售服务有限公司,服务顾问,"贵池区,经验不限,学历不限",[2人],3千-4千5/月
池州市明恒汽车销售服务有限公司,客服经理,"贵池区,1-3年,大专",[1人],2千5-3千/月
池州市明恒汽车销售服务有限公司,销售顾问,"贵池区,1-3年,高中",[10人],8千-1万5/月
池州市精信人力资源服务有限公司,设备工程师,"贵池区,1-3年,大专",[3人],面议
池州市精信人力资源服务有限公司,普工,"贵池区/城区,经验不限,初中",[50人],3千-6千/月
池州市精信人力资源服务有限公司,仓库管理,"贵池区/城区,1-3年,大专",[3人],2千5-3千5/月
池州市精信人力资源服务有限公司,会计,"贵池区/城区,3-5年,大专",[3人],面议
池州市精信人力资源服务有限公司,质检文员,"贵池区/城区,经验不限,初中",[5人],2千5-4千5/月
池州与你婚舍文化传媒有限公司,执行,"贵池区/城区,经验不限,学历不限",[若干人],面议
宝马金融,销售经理,"贵池区,经验不限,高中",[2人],面议
宝马金融,销售代表,"贵池区,经验不限,高中",[5人],面议
上海睿财信息科技有限公司,文员,"贵池区/城区,经验不限,学历不限",[若干人],面议
上海睿财信息科技有限公司,文员实习,"贵池区/城区,经验不限,学历不限",[若干人],面议
池州市恒瑞电子科技有限公司,金蝶软件技术支持工程师,"贵池区/城区,经验不限,大专",[6人],2千5-5千/月
池州市恒瑞电子科技有限公司,销售专员,"贵池区/城区,经验不限,学历不限",[若干人],面议
池州市援通智慧养老服务中心,客服（信息分配员）,"贵池区,经验不限,高中",[4人],1千8-2千5/月
池州市援通智慧养老服务中心,服务商管理,"贵池区,经验不限,高中",[1人],面议
君庭软装,店面导购销售,"贵池区/城区,经验不限,学历不限",[若干人],2千-3千/月
君庭软装,销售专员,"贵池区/城区,经验不限,学历不限",[若干人],2千5-5千/月
池州市橄榄树职业美容院,美容学员,"贵池区/城区,经验不限,学历不限",[若干人],面议
池州市橄榄树职业美容院,美容店长,"贵池区/城区,经验不限,学历不限",[若干人],面议
池州市橄榄树职业美容院,美容师,"贵池区/城区,经验不限,学历不限",[若干人],3千5-7千/月
芝麻花教育,小学语文老师,"贵池区/城区,经验不限,学历不限",[若干人],面议
芝麻花教育,小学英语老师,"贵池区/城区,经验不限,学历不限",[若干人],面议
芝麻花教育,化学晚自习辅导,"贵池区/城区,经验不限,学历不限",[若干人],面议
芝麻花教育,小学作文老师,"贵池区/城区,经验不限,学历不限",[若干人],面议
芝麻花教育,初中理化老师,"贵池区/城区,经验不限,学历不限",[若干人],面议
上海明暄股权投资基金管理有限公司池州分公司,客户经理,"贵池区,1-3年,大专",[20人],面议
贵池区天时信通讯器材经营部,收银员,"贵池区/城区,经验不限,学历不限",[若干人],3千-4千/月
池州市昭明商贸有限公司,美容师,"贵池区/城区,经验不限,学历不限",[若干人],3千-6千/月
池州市昭明商贸有限公司,销售代表,"贵池区/乡镇,经验不限,学历不限",[若干人],4千-8千/月
池州六脉电子商务有限公司,网络销售,"贵池区,经验不限,学历不限",[3人],3千-5千/月
池州六脉电子商务有限公司,营销主管,"贵池区,经验不限,学历不限",[1人],5千-8千/月
池州六脉电子商务有限公司,UI设计,"贵池区,经验不限,学历不限",[2人],3千-5千/月
池州六脉电子商务有限公司,java工程师,"贵池区,经验不限,学历不限",[2人],3千-5千/月
池州六脉电子商务有限公司,前端工程师,"贵池区,经验不限,学历不限",[2人],3千-5千/月
平天湖风景区山河酒类经营部,业务员,"贵池区,1-3年,学历不限",[2人],3千-6千/月
贵池区童欣幼儿园,保育员,"贵池区/城区,经验不限,学历不限",[若干人],面议
池州市芯达电子科技有限公司,专利工程师,"贵池区,1-3年,学历不限",[3人],面议
池州市芯达电子科技有限公司,MCU程序编写师,"贵池区/城区,1-3年,本科",[若干人],面议
池州市芯达电子科技有限公司,IC品质/测试工程师,"贵池区/城区,1-3年,大专",[若干人],面议
池州市芯达电子科技有限公司,跟单文员,"贵池区/城区,1-3年,高中",[若干人],面议
池州市芯达电子科技有限公司,出纳文员,"贵池区/城区,1-3年,大专",[1人],面议
池州天腾信息技术有限公司,技术员,"贵池区,经验不限,学历不限",[若干人],2千5-4千/月
水云轩足浴会所,技师,"贵池区/城区,经验不限,学历不限",[若干人],面议
水云轩足浴会所,收银员、服务员,"贵池区/城区,经验不限,学历不限",[若干人],2千2-4千/月
池州市城北物业服务有限公司,物管员,"贵池区,经验不限,学历不限",[2人],面议
池州市杭家卫浴,销售代表,"贵池区/城区,经验不限,学历不限",[若干人],面议
池州市杭家卫浴,区域经理,"贵池区/城区,经验不限,学历不限",[若干人],面议
池州市鑫荣袜业有限公司,跟单学徒,"贵池区/乡镇,经验不限,学历不限",[若干人],面议
池州泰达文化传媒有限公司,广告设计,"贵池区/城区,经验不限,学历不限",[若干人],面议
池州泰达文化传媒有限公司,广告设计,"贵池区/城区,经验不限,学历不限",[若干人],面议
